證券代號,證券名稱,Date,成交股數,成交金額,開盤價,最高價,最低價,收盤價,漲跌價差,成交筆數
50,元大台灣50,2021-01-28,13932000,1809580200,131.60,131.85,128.20,128.20,-2.15,8178
51,元大中型100,2021-01-28,28000,1238630,44.89,45.00,43.70,43.70,-1.00,25
52,富邦科技,2021-01-28,1844000,229047100,126.40,126.85,122.10,122.15,-1.65,843
53,元大電子,2021-01-28,51000,3259000,64.95,64.95,63.05,63.20,-0.35,44
54,元大台商50,2021-01-28,60000,1786960,30.14,30.15,29.50,29.50,-0.64,14
55,元大MSCI金融,2021-01-28,180000,3127320,17.50,17.50,17.25,17.25,-0.25,92
56,元大高股息,2021-01-28,12106000,370025590,30.73,30.77,30.21,30.26,-0.46,5270
57,富邦摩台,2021-01-28,34000,2970600,88.70,88.70,86.85,86.85,-0.25,12
61,元大寶滬深,2021-01-28,225000,5539940,24.56,24.74,24.48,24.48,-0.22,127
6203,元大MSCI台灣,2021-01-28,11000,668700,61.15,61.15,59.95,59.95,-0.75,10
6204,永豐臺灣加權,2021-01-28,1000,77700,77.70,77.70,77.70,77.70,0.35,1
6205,富邦上証,2021-01-28,1877000,74652720,39.74,40.02,39.49,39.49,-0.37,809
6206,元大上證50,2021-01-28,248000,10096590,40.79,40.85,40.45,40.45,-0.24,60
6207,FH滬深,2021-01-28,2653000,85226150,32.00,32.41,31.93,31.94,-0.38,364
6208,富邦台50,2021-01-28,2384000,178048250,75.90,76.00,73.55,73.55,-1.35,1405
00625K,富邦上証+R,2021-01-28,20000,187200,9.36,9.36,9.36,9.36,0.03,2
00631L,元大台灣50正2,2021-01-28,4201000,420247200,102.40,102.45,97.10,97.10,-3.55,2008
00632R,元大台灣50反1,2021-01-28,243557000,1613055640,6.55,6.72,6.54,6.72,0.12,16823
00633L,富邦上証正2,2021-01-28,8541000,652082550,76.20,77.05,75.20,75.20,-0.70,1308
00634R,富邦上証反1,2021-01-28,1232000,4693710,3.80,3.84,3.79,3.84,0.03,112
00635U,元大S&P黃金,2021-01-28,323000,8038740,24.86,24.92,24.85,24.91,0.06,129
636,國泰中國A50,2021-01-28,1331000,38275110,28.70,28.90,28.58,28.58,-0.04,399
00636K,國泰中國A50+U,2021-01-28,100,1025,10.25,10.25,10.25,10.25,0.06,1
00637L,元大滬深300正2,2021-01-28,42796000,1283946310,29.97,30.28,29.60,29.60,-0.22,5515
00638R,元大滬深300反1,2021-01-28,1521000,11533010,7.61,7.63,7.55,7.62,0.01,151
639,富邦深100,2021-01-28,2283000,40508360,17.80,17.89,17.63,17.63,-0.17,332
00640L,富邦日本正2,2021-01-28,779000,19686910,25.50,25.66,24.68,24.78,-0.72,79
00641R,富邦日本反1,2021-01-28,1526000,17806240,11.59,11.78,11.53,11.74,0.17,126
00642U,元大S&P石油,2021-01-28,10145000,90509290,8.93,8.95,8.90,8.92,-0.05,1705
643,群益深証中小,2021-01-28,866000,16743710,19.53,19.54,19.26,19.30,-0.05,142
00643K,群益深証中小+R,2021-01-28,0,0,0.00,0.00,0.00,0.00,0.00,0
645,富邦日本,2021-01-28,183000,4382170,24.06,24.06,23.62,23.64,-0.42,23
646,元大S&P500,2021-01-28,3448000,110675880,32.20,32.30,31.89,31.92,-0.07,1110
00647L,元大S&P500正2,2021-01-28,875000,43736370,50.55,50.80,49.59,49.59,-0.19,68
00648R,元大S&P500反1,2021-01-28,1359000,11379380,8.34,8.42,8.31,8.42,0.03,159
00650L,FH香港正2,2021-01-28,3841000,115952860,30.69,30.81,29.65,29.65,-0.95,460
00651R,FH香港反1,2021-01-28,671000,4758890,7.08,7.17,7.00,7.15,0.07,88
652,富邦印度,2021-01-28,120000,2836070,23.88,23.88,23.55,23.55,-0.13,72
00653L,富邦印度正2,2021-01-28,1584000,50371020,32.05,32.14,31.32,31.50,-0.10,513
00654R,富邦印度反1,2021-01-28,312000,3260010,10.49,10.52,10.34,10.49,0.00,79
00655L,國泰中國A50正2,2021-01-28,3390000,194297250,57.25,57.80,56.50,56.50,-0.60,910
00656R,國泰中國A50反1,2021-01-28,256000,1789540,7.04,7.04,6.97,7.04,0.03,28
657,國泰日經225,2021-01-28,15000,513510,34.50,34.51,33.94,33.94,-0.68,7
00657K,國泰日經225+U,2021-01-28,100,1235,12.35,12.35,12.35,12.35,-0.01,1
660,元大歐洲50,2021-01-28,15000,375360,25.12,25.13,25.00,25.00,0.00,6
661,元大日經225,2021-01-28,3000,105120,35.05,35.05,35.02,35.02,-0.12,2
662,富邦NASDAQ,2021-01-28,548000,25760020,47.01,47.23,46.64,46.65,-0.27,102
00663L,國泰臺灣加權正2,2021-01-28,21000,1870500,90.30,90.40,86.00,86.45,-2.45,16
00664R,國泰臺灣加權反1,2021-01-28,11064000,83338610,7.45,7.64,7.44,7.64,0.13,1102
00665L,富邦恒生國企正2,2021-01-28,1059000,29047230,28.25,28.27,27.08,27.08,-0.77,169
00666R,富邦恒生國企反1,2021-01-28,84000,905920,10.73,10.84,10.73,10.84,0.11,7
668,國泰美國道瓊,2021-01-28,9000,277210,30.74,30.94,30.69,30.69,0.02,5
00668K,國泰美國道瓊+U,2021-01-28,100,1101,11.01,11.01,11.01,11.01,0.09,1
00669R,國泰美國道瓊反1,2021-01-28,11907000,110710310,9.26,9.36,9.22,9.36,0.03,793
00670L,富邦NASDAQ正2,2021-01-28,686000,57653100,84.90,85.25,82.85,83.05,-0.90,244
00671R,富邦NASDAQ反1,2021-01-28,7341000,46826040,6.32,6.42,6.32,6.42,0.05,422
00673R,元大S&P原油反1,2021-01-28,169000,3823850,22.62,22.66,22.55,22.64,0.20,73
00674R,元大S&P黃金反1,2021-01-28,75000,979070,13.10,13.10,13.04,13.07,-0.04,18
00675L,富邦臺灣加權正2,2021-01-28,539000,20418730,38.70,38.76,36.71,36.71,-1.38,348
00676R,富邦臺灣加權反1,2021-01-28,11893000,48966670,4.06,4.17,4.06,4.17,0.07,673
00677U,富邦VIX,2021-01-28,448184000,1764759550,3.78,4.10,3.75,4.10,0.25,26180
678,群益NBI生技,2021-01-28,448000,12894450,28.96,28.97,28.72,28.72,-0.18,42
00680L,元大美債20正2,2021-01-28,60000,1620080,27.03,27.15,26.91,27.15,-0.35,34
00681R,元大美債20反1,2021-01-28,49000,640630,13.08,13.08,13.06,13.07,0.09,8
00682U,元大美元指數,2021-01-28,106000,1911640,18.12,18.12,18.00,18.07,0.00,44
00683L,元大美元指數正2,2021-01-28,813000,13611660,16.70,16.78,16.68,16.76,-0.01,223
00684R,元大美元指數反1,2021-01-28,0,0,0.00,0.00,0.00,0.00,0.00,0
00685L,群益臺灣加權正2,2021-01-28,79000,2592570,33.50,33.51,32.20,32.20,-1.28,21
00686R,群益臺灣加權反1,2021-01-28,501000,2236330,4.43,4.54,4.42,4.54,0.08,54
00688L,國泰20年美債正2,2021-01-28,112000,3066510,27.21,27.41,27.21,27.39,-0.43,10
00689R,國泰20年美債反1,2021-01-28,149000,2001650,13.45,13.45,13.43,13.43,0.10,6
690,兆豐藍籌30,2021-01-28,192000,5700960,30.04,30.10,29.43,29.43,-0.42,57
692,富邦公司治理,2021-01-28,3475000,112315470,32.73,32.80,31.96,31.96,-0.39,1708
00693U,街口S&P黃豆,2021-01-28,9248000,191796450,20.65,20.83,20.64,20.73,-0.24,556
700,富邦恒生國企,2021-01-28,157000,3189190,20.30,20.46,20.08,20.08,-0.34,25
701,國泰股利精選30,2021-01-28,1440000,29573550,20.60,20.62,20.46,20.46,-0.13,779
702,國泰標普低波高息,2021-01-28,55000,970080,17.66,17.66,17.57,17.57,-0.38,16
703,台新MSCI中國,2021-01-28,360000,9834960,27.46,27.48,27.20,27.21,-0.10,46
00706L,元大S&P日圓正2,2021-01-28,0,0,0.00,0.00,0.00,0.00,0.00,0
00707R,元大S&P日圓反1,2021-01-28,0,0,0.00,0.00,0.00,0.00,0.00,0
00708L,元大S&P黃金正2,2021-01-28,1248000,35442440,28.37,28.48,28.33,28.45,0.18,267
709,富邦歐洲,2021-01-28,109000,2308480,21.30,21.30,21.09,21.09,-0.20,10
00710B,FH彭博高收益債,2021-01-28,218000,4005660,18.39,18.39,18.36,18.37,0.01,92
00711B,FH彭博新興債,2021-01-28,101000,2160340,21.34,21.39,21.34,21.39,0.05,3
712,FH富時不動產,2021-01-28,1441000,18138610,12.63,12.66,12.54,12.56,0.02,391
713,元大台灣高息低波,2021-01-28,169000,5841540,34.90,34.90,34.26,34.26,-0.59,79
714,群益道瓊美國地產,2021-01-28,214000,3948620,18.49,18.50,18.41,18.41,-0.07,9
00715L,街口布蘭特油正2,2021-01-28,21242000,108231520,5.07,5.12,5.07,5.08,-0.04,1777
717,富邦美國特別股,2021-01-28,703000,11602550,16.57,16.57,16.48,16.49,0.00,131
728,第一金工業30,2021-01-28,472000,12283970,26.13,26.23,25.78,25.78,-0.12,289
730,富邦臺灣優質高息,2021-01-28,555000,10176110,18.51,18.55,18.16,18.16,-0.33,228
731,FH富時高息低波,2021-01-28,293000,14039700,48.26,48.28,47.54,47.54,-0.61,21
732,國泰RMB短期報酬,2021-01-28,106000,4179430,39.43,39.43,39.40,39.40,0.10,4
733,富邦臺灣中小,2021-01-28,35000,888480,25.86,25.87,25.08,25.08,-0.57,17
735,國泰臺韓科技,2021-01-28,141000,4576700,32.88,33.00,32.14,32.14,-0.74,41
736,國泰新興市場,2021-01-28,202000,4692210,23.29,23.38,23.06,23.06,-0.24,15
737,國泰AI+Robo,2021-01-28,935000,31335960,34.08,34.08,33.21,33.21,-1.06,268
00738U,元大道瓊白銀,2021-01-28,7526000,205857020,27.32,27.52,27.21,27.40,1.27,1822
739,元大MSCI A股,2021-01-28,376000,10932160,29.22,29.30,28.92,28.94,-0.23,75
742,新光內需收益,2021-01-28,86000,1735090,20.20,20.20,20.11,20.11,-0.09,35
743,國泰中國A150,2021-01-28,16000,483240,30.60,30.60,30.00,30.00,-0.28,13
752,中信中國50,2021-01-28,1718000,56408660,32.87,33.10,32.56,32.56,-0.14,784
00753L,中信中國50正2,2021-01-28,1182000,54160640,46.47,46.75,44.87,44.87,-0.93,294
757,統一FANG+,2021-01-28,996000,45684830,46.07,46.24,45.60,45.62,-0.13,407
762,元大全球AI,2021-01-28,423000,15128810,35.96,35.99,35.56,35.63,0.01,79
00763U,街口道瓊銅,2021-01-28,262000,6128780,23.30,23.51,23.28,23.32,0.02,54
770,國泰北美科技,2021-01-28,62000,1986210,32.19,32.20,31.94,31.94,0.09,14
771,元大US高息特別股,2021-01-28,49000,926700,18.91,18.97,18.91,18.91,0.01,11
00774B,新光中國政金綠債,2021-01-28,2000,77900,38.95,38.95,38.95,38.95,0.00,2
00774C,新光中政金綠債+R,2021-01-28,0,0,0.00,0.00,0.00,0.00,0.00,0
00775B,新光投等債15+,2021-01-28,2000,87400,43.70,43.70,43.70,43.70,-0.15,2
783,富邦中証500,2021-01-28,582000,12688770,21.75,21.82,21.70,21.70,-0.26,41
8201,BP上證50,2021-01-28,100,12600,126.00,126.00,126.00,126.00,X0.00,1
830,國泰費城半導體,2021-01-28,3039000,78824210,25.85,26.10,25.66,25.66,0.08,591
850,元大臺灣ESG永續,2021-01-28,4635000,144546390,31.55,31.60,30.80,30.80,-0.50,2321
851,台新全球AI,2021-01-28,25000,713510,28.32,28.67,28.32,28.49,0.16,15
00852L,國泰美國道瓊正2,2021-01-28,2256000,36604590,16.25,16.34,15.96,15.96,-0.03,301
861,元大全球未來通訊,2021-01-28,2517000,69300750,27.77,27.81,27.30,27.35,-0.50,1083
00865B,國泰US短期公債,2021-01-28,103000,3805650,36.85,36.95,36.85,36.90,0.05,4
875,國泰網路資安,2021-01-28,1096000,34598590,31.87,31.87,31.33,31.34,-0.79,494
876,元大未來關鍵科技,2021-01-28,6534000,181875480,28.11,28.20,27.52,27.53,-0.52,2087
878,國泰永續高股息,2021-01-28,6984000,115366910,16.67,16.71,16.36,16.36,-0.26,3043
881,國泰台灣5G+,2021-01-28,124627000,2126858750,17.39,17.40,16.83,16.83,-0.33,50731
01001T,土銀富邦R1,2021-01-28,0,0,0.00,0.00,0.00,0.00,0.00,0
01002T,土銀國泰R1,2021-01-28,58000,1095010,18.90,18.90,18.73,18.73,-0.15,12
01003T,兆豐新光R1,2021-01-28,61000,1180280,19.60,19.60,19.28,19.35,0.02,16
01004T,土銀富邦R2,2021-01-28,5000,87600,17.54,17.54,17.51,17.51,-0.02,4
01007T,兆豐國泰R2,2021-01-28,25000,504170,20.21,20.21,19.67,19.67,-0.54,8
01009T,王道圓滿R1,2021-01-28,86000,824950,9.60,9.60,9.58,9.60,0.00,22
01010T,京城樂富R1,2021-01-28,56000,604780,10.80,10.80,10.79,10.80,-0.03,10
20000,富邦特選蘋果N,2021-01-28,31000,230630,7.50,7.50,7.34,7.34,-0.13,11
20002,元富新中國N,2021-01-28,6000,132480,22.00,22.24,22.00,22.24,0.20,3
20004,兆豐電菁英30N,2021-01-28,0,0,0.00,0.00,0.00,0.00,0.00,0
20006,永昌中小300N,2021-01-28,0,0,0.00,0.00,0.00,0.00,0.00,0
20007,凱基臺灣500N,2021-01-28,0,0,0.00,0.00,0.00,0.00,0.00,0
20008,元大特股高息N,2021-01-28,111000,1237720,11.19,11.19,11.13,11.13,X0.00,8
20011,統一微波高息20N,2021-01-28,24000,125580,5.12,5.36,5.12,5.21,-0.03,10
20012,富邦行動通訊N,2021-01-28,36000,221380,6.20,6.23,6.11,6.11,-0.06,10
20015,統一MSCI美低波N,2021-01-28,2000,26350,13.18,13.18,13.17,13.17,X0.00,2
20016,統一MSCI美科技N,2021-01-28,0,0,0.00,0.00,0.00,0.00,0.00,0
20018,統一價值成長30N,2021-01-28,27000,321120,12.02,12.02,11.83,11.83,-0.26,8
20019,統一特選台灣5GN,2021-01-28,222000,2934550,13.11,13.40,13.01,13.05,-0.06,60
02001L,富邦蘋果正二N,2021-01-28,41000,491540,12.61,12.63,11.59,11.59,-0.63,16
02001R,富邦蘋果反一N,2021-01-28,0,0,0.00,0.00,0.00,0.00,0.00,0
20020,元大台股領航N,2021-01-28,1331000,8427500,6.34,6.41,6.25,6.29,-0.02,272
20022,元大電動車N,2021-01-28,5796000,30109300,5.25,5.32,5.12,5.13,-0.09,1277
1101,台泥,2021-01-28,20804000,837440450,40.25,40.45,40.15,40.15,-0.10,7647
1101B,台泥乙特,2021-01-28,13000,696300,53.80,53.80,53.50,53.80,X0.00,6
1102,亞泥,2021-01-28,6798000,273200100,40.25,40.45,40.00,40.00,-0.35,2829
1103,嘉泥,2021-01-28,658000,10901500,16.60,16.65,16.50,16.50,-0.15,270
1104,環泥,2021-01-28,798000,16460150,20.75,20.95,20.50,20.50,-0.15,396
1108,幸福,2021-01-28,567000,6156800,10.80,10.95,10.75,10.85,0.00,183
1109,信大,2021-01-28,240000,4419250,18.30,18.50,18.30,18.40,-0.25,153
1110,東泥,2021-01-28,313000,5233250,16.85,17.20,16.20,17.20,0.25,160
1201,味全,2021-01-28,1062000,21421000,20.15,20.40,20.05,20.10,-0.05,479
1203,味王,2021-01-28,241000,8654050,35.15,36.70,35.00,35.40,0.20,105
1210,大成,2021-01-28,1696000,82269750,49.10,49.10,48.15,48.25,-0.45,1036
1213,大飲,2021-01-28,11000,79500,7.23,7.23,7.20,7.20,-0.03,5
1215,卜蜂,2021-01-28,966000,68307100,70.90,71.10,70.40,70.80,0.00,485
1216,統一,2021-01-28,18832000,1285474300,67.70,68.90,67.50,68.00,0.10,8740
1217,愛之味,2021-01-28,1854000,15358060,8.36,8.37,8.21,8.21,-0.12,648
1218,泰山,2021-01-28,1030000,27435900,26.15,27.10,26.15,26.55,0.50,618
1219,福壽,2021-01-28,901000,16965350,18.95,19.05,18.60,18.60,-0.35,402
1220,台榮,2021-01-28,312000,3605350,11.60,11.70,11.45,11.50,-0.25,121
1225,福懋油,2021-01-28,122000,4011050,33.10,33.20,32.50,32.50,-0.65,98
1227,佳格,2021-01-28,3226000,183487000,57.10,57.30,56.50,56.50,-0.60,1628
1229,聯華,2021-01-28,3718000,149291250,40.45,40.45,40.00,40.45,0.15,1992
1231,聯華食,2021-01-28,204000,9123600,44.80,44.85,44.60,44.65,-0.15,159
1232,大統益,2021-01-28,130000,16693500,129.00,129.50,127.00,127.50,-2.00,121
1233,天仁,2021-01-28,46000,1571400,34.10,34.70,34.00,34.05,-0.10,42
1234,黑松,2021-01-28,157000,5056000,32.20,32.40,32.10,32.10,-0.10,87
1235,興泰,2021-01-28,49000,1252250,25.10,26.35,25.10,25.95,0.25,41
1236,宏亞,2021-01-28,34000,453050,13.45,13.45,13.20,13.20,-0.20,30
1256,鮮活果汁-KY,2021-01-28,29000,8339500,289.00,289.50,285.50,285.50,-1.50,28
1301,台塑,2021-01-28,12968000,1137899600,88.30,89.10,87.00,87.00,-2.10,5769
1303,南亞,2021-01-28,11111000,738034700,66.40,67.80,65.60,65.60,-2.10,4610
1304,台聚,2021-01-28,9253000,187456150,20.80,20.85,20.00,20.10,-0.55,3846
1305,華夏,2021-01-28,3908000,89859800,23.25,23.30,22.80,23.00,0.00,1543
1307,三芳,2021-01-28,575000,11403550,20.00,20.10,19.65,19.65,-0.40,292
1308,亞聚,2021-01-28,1832000,34826200,19.05,19.15,18.75,18.85,0.05,690
1309,台達化,2021-01-28,4935000,149064900,30.95,31.20,29.50,29.70,-0.70,2353
1310,台苯,2021-01-28,1252000,20324850,16.35,16.40,16.15,16.20,-0.10,550
1312,國喬,2021-01-28,4822000,101281250,21.25,21.30,20.80,20.90,-0.15,1516
1312A,國喬特,2021-01-28,8000,251100,31.30,31.45,31.30,31.45,0.00,5
1313,聯成,2021-01-28,7119000,107741400,15.35,15.50,14.80,14.85,-0.40,1872
1314,中石化,2021-01-28,23232000,217242830,9.49,9.49,9.24,9.26,-0.15,5034
1315,達新,2021-01-28,172000,12027500,70.00,70.20,69.70,69.90,-0.20,137
1316,上曜,2021-01-28,1161000,13820100,11.90,12.05,11.70,11.70,-0.20,339
1319,東陽,2021-01-28,1481000,53140950,36.20,36.40,35.30,35.85,-0.25,1032
1321,大洋,2021-01-28,387000,12637650,33.00,33.00,32.35,32.35,-0.65,208
1323,永裕,2021-01-28,112000,3559050,31.80,32.10,31.60,31.90,0.15,70
1324,地球,2021-01-28,39000,386280,10.00,10.00,9.85,9.85,-0.20,27
1325,恆大,2021-01-28,3426000,291831400,84.90,86.70,84.10,84.20,-1.00,2333
1326,台化,2021-01-28,8912000,697730300,78.50,79.50,77.40,77.40,-2.10,4037
1337,再生-KY,2021-01-28,1472000,11934610,8.28,8.33,8.00,8.03,-0.21,626
1338,廣華-KY,2021-01-28,693000,44364100,66.40,66.50,62.50,62.50,-2.90,491
1339,昭輝,2021-01-28,97000,3946100,40.80,41.25,40.20,40.35,-0.40,69
1340,勝悅-KY,2021-01-28,306000,3132200,10.15,10.45,10.10,10.15,0.00,137
1341,富林-KY,2021-01-28,11000,662100,60.00,60.80,59.70,60.80,0.30,10
1342,八貫,2021-01-28,35000,1954000,55.60,56.20,55.60,55.70,0.40,29
1402,遠東新,2021-01-28,9581000,251758950,26.45,26.65,26.00,26.00,-0.45,3508
1409,新纖,2021-01-28,5019000,63699850,12.75,12.90,12.60,12.60,-0.10,1244
1410,南染,2021-01-28,5000,167850,33.70,33.85,33.30,33.50,-0.25,5
1413,宏洲,2021-01-28,91000,712030,7.90,7.90,7.80,7.84,-0.08,42
1414,東和,2021-01-28,1089000,13592050,12.55,12.60,12.35,12.35,-0.15,394
1416,廣豐,2021-01-28,375000,4057400,10.80,10.85,10.75,10.80,0.00,171
1417,嘉裕,2021-01-28,304000,3243000,10.60,10.75,10.55,10.55,-0.05,164
1418,東華,2021-01-28,4000,32890,8.13,8.50,8.13,8.50,0.70,3
1419,新紡,2021-01-28,166000,6651800,40.05,41.20,39.65,39.90,-0.60,123
1423,利華,2021-01-28,569000,9439250,17.15,17.45,15.70,16.10,-1.05,246
1432,大魯閣,2021-01-28,258000,3361200,13.25,13.25,12.85,12.90,-0.15,115
1434,福懋,2021-01-28,3932000,114202450,29.10,29.15,28.95,29.10,-0.05,1671
1435,中福,2021-01-28,272000,7552800,27.70,28.15,27.30,27.35,-0.40,187
1436,華友聯,2021-01-28,45000,1678600,37.15,37.80,37.00,37.50,0.00,37
1437,勤益控,2021-01-28,329000,7539150,23.05,23.05,22.75,22.75,-0.30,134
1438,三地開發,2021-01-28,101000,1191650,11.95,11.95,11.65,11.95,0.00,44
1439,中和,2021-01-28,85000,2140400,25.55,25.55,25.00,25.00,-0.60,73
1440,南紡,2021-01-28,6355000,81019300,12.95,13.00,12.50,12.60,-0.35,1546
1441,大東,2021-01-28,104000,738960,7.12,7.14,7.10,7.14,-0.04,50
1442,名軒,2021-01-28,502000,8501800,16.95,17.00,16.90,16.95,-0.15,162
1443,立益,2021-01-28,38000,420100,11.10,11.10,11.00,11.05,-0.15,20
1444,力麗,2021-01-28,12058000,137387850,11.30,11.65,11.15,11.30,0.00,3047
1445,大宇,2021-01-28,2684000,35679850,12.95,13.65,12.50,12.60,-0.35,965
1446,宏和,2021-01-28,93000,2667650,28.60,29.20,28.60,28.65,0.00,58
1447,力鵬,2021-01-28,3660000,28244290,7.78,7.85,7.61,7.64,-0.10,1007
1449,佳和,2021-01-28,227000,5014800,22.50,22.65,21.35,21.85,-0.40,135
1451,年興,2021-01-28,169000,2668000,15.85,15.85,15.65,15.65,-0.30,116
1452,宏益,2021-01-28,177000,2930350,16.55,16.70,16.35,16.35,-0.20,84
1453,大將,2021-01-28,42000,342900,8.21,8.21,8.15,8.15,-0.06,22
1454,台富,2021-01-28,210000,1705550,8.13,8.19,8.10,8.13,0.03,89
1455,集盛,2021-01-28,2260000,20260210,9.18,9.19,8.81,8.87,-0.19,620
1456,怡華,2021-01-28,205000,3214450,15.60,16.20,15.20,15.30,-0.25,145
1457,宜進,2021-01-28,444000,6288250,14.20,14.25,14.10,14.10,-0.05,166
1459,聯發,2021-01-28,237000,1905760,8.04,8.12,7.97,8.00,-0.11,109
1460,宏遠,2021-01-28,1273000,10902360,8.73,8.79,8.44,8.48,-0.27,456
1463,強盛,2021-01-28,229000,2836850,12.25,12.60,12.15,12.50,0.25,71
1464,得力,2021-01-28,380000,6515950,17.15,17.25,17.05,17.10,-0.10,222
1465,偉全,2021-01-28,143000,1771950,12.50,12.50,12.30,12.40,-0.10,67
1466,聚隆,2021-01-28,649000,10706900,16.75,16.75,16.40,16.45,-0.10,347
1467,南緯,2021-01-28,2198000,38930000,17.70,17.95,17.55,17.65,0.00,607
1468,昶和,2021-01-28,88000,1101750,12.50,12.70,12.00,12.60,-0.15,56
1470,大統新創,2021-01-28,3000,52250,17.45,17.45,17.40,17.40,0.00,3
1471,首利,2021-01-28,196000,1032600,5.30,5.30,5.22,5.30,0.00,80
1472,三洋紡,2021-01-28,2000,20050,10.05,10.05,10.00,10.00,-0.30,2
1473,台南,2021-01-28,291000,4964450,17.20,17.20,16.95,17.00,-0.25,183
1474,弘裕,2021-01-28,515000,5982550,11.85,11.85,11.50,11.50,-0.20,192
1475,業旺,2021-01-28,12000,449350,39.90,39.90,37.00,37.60,0.10,10
1476,儒鴻,2021-01-28,754000,306138500,408.00,410.00,404.00,405.50,-4.50,550
1477,聚陽,2021-01-28,979000,185702500,191.00,193.00,187.50,188.00,-2.50,758
1503,士電,2021-01-28,308000,14541400,47.45,47.55,46.80,46.85,-0.75,179
1504,東元,2021-01-28,4151000,112315750,27.15,27.35,26.80,26.80,-0.25,1689
1506,正道,2021-01-28,307000,2986510,9.99,9.99,9.60,9.64,-0.35,166
1507,永大,2021-01-28,194000,10979500,57.10,57.20,56.10,56.20,-1.60,145
1512,瑞利,2021-01-28,31000,140710,4.61,4.61,4.50,4.50,-0.10,10
1513,中興電,2021-01-28,47798000,2347647250,47.00,50.60,46.80,47.90,1.35,21339
1514,亞力,2021-01-28,955000,22744500,23.85,24.10,23.50,23.55,-0.25,527
1515,力山,2021-01-28,5750000,441733200,77.00,79.00,73.60,73.60,-1.10,3474
1516,川飛,2021-01-28,102000,2255700,22.30,22.30,21.90,22.05,-0.15,52
1517,利奇,2021-01-28,771000,9757500,12.75,12.85,12.50,12.55,-0.05,325
1519,華城,2021-01-28,2499000,109540650,42.90,44.75,42.85,42.85,0.10,1690
1521,大億,2021-01-28,25000,1324600,53.50,53.50,52.80,52.90,-0.30,22
1522,堤維西,2021-01-28,962000,22333850,23.85,23.85,22.90,22.90,-0.75,609
1524,耿鼎,2021-01-28,1639000,17929650,11.20,11.40,10.70,10.75,-0.35,689
1525,江申,2021-01-28,227000,15244000,69.60,69.60,66.10,66.40,-1.60,168
1526,日馳,2021-01-28,693000,28073600,41.40,41.50,39.95,40.05,-1.20,441
1527,鑽全,2021-01-28,703000,29967800,43.50,43.70,42.00,42.05,-1.35,463
1528,恩德,2021-01-28,678000,6330300,9.35,9.62,9.10,9.12,-0.27,293
1529,樂士,2021-01-28,134000,2194350,16.50,16.60,16.25,16.35,0.05,64
1530,亞崴,2021-01-28,45000,1421200,31.95,32.15,31.40,31.40,-0.60,36
1531,高林股,2021-01-28,70000,793950,11.30,11.40,11.30,11.35,0.00,59
1532,勤美,2021-01-28,395000,11842100,30.00,30.45,29.80,29.80,-0.20,243
1533,車王電,2021-01-28,21953000,1556242500,74.70,77.30,65.80,66.20,-6.90,13733
1535,中宇,2021-01-28,49000,1613600,32.90,33.15,32.85,32.85,-0.10,37
1536,和大,2021-01-28,5254000,621046500,120.50,122.50,115.00,115.00,-4.50,3682
1537,廣隆,2021-01-28,95000,13016500,137.50,137.50,136.50,136.50,-0.50,75
1538,正峰,2021-01-28,8000,61540,7.76,7.80,7.46,7.47,-0.37,8
1539,巨庭,2021-01-28,69000,1229850,17.95,18.05,17.70,18.05,0.05,32
1540,喬福,2021-01-28,266000,4002050,15.25,15.25,14.95,15.05,-0.15,104
1541,錩泰,2021-01-28,378000,21148800,54.00,57.80,54.00,54.60,0.90,262
1558,伸興,2021-01-28,64000,8946500,139.50,140.50,139.50,140.50,1.00,53
1560,中砂,2021-01-28,1057000,68817000,66.40,66.70,63.90,64.20,-2.00,750
1568,倉佑,2021-01-28,1893000,53273200,28.85,29.20,27.10,27.55,-0.85,1231
1582,信錦,2021-01-28,750000,60999300,82.00,82.20,80.90,81.00,-1.00,588
1583,程泰,2021-01-28,20000,1241500,61.60,62.80,61.10,61.40,-1.30,13
1587,吉茂,2021-01-28,171000,4024350,23.55,23.70,23.40,23.45,-0.25,109
1589,永冠-KY,2021-01-28,499000,38734700,78.20,78.60,76.60,77.80,0.00,329
1590,亞德客-KY,2021-01-28,2381000,2454133000,1105.00,1120.00,998.00,1000.00,-85.00,1983
1592,英瑞-KY,2021-01-28,317000,2440930,8.00,8.00,7.58,7.78,-0.13,179
1597,直得,2021-01-28,9720000,1121471500,112.00,119.00,112.00,112.00,1.50,6961
1598,岱宇,2021-01-28,1694000,170433700,101.00,102.50,98.50,98.50,-2.00,862
1603,華電,2021-01-28,191000,4972250,26.15,26.45,25.70,25.70,-0.75,130
1604,聲寶,2021-01-28,849000,21572250,25.45,25.55,25.30,25.30,-0.20,306
1605,華新,2021-01-28,9445000,157127850,16.85,17.00,16.40,16.45,-0.40,2928
1608,華榮,2021-01-28,2560000,28016200,11.15,11.15,10.70,10.70,-0.45,786
1609,大亞,2021-01-28,7283000,132847850,18.25,18.55,18.00,18.00,-0.15,2652
1611,中電,2021-01-28,1283000,16201100,12.75,12.85,12.50,12.50,0.00,490
1612,宏泰,2021-01-28,1612000,26680800,16.85,16.90,16.30,16.30,-0.30,669
1614,三洋電,2021-01-28,123000,4177300,33.95,34.20,33.90,33.95,-0.25,82
1615,大山,2021-01-28,127000,2956900,23.30,23.55,23.20,23.20,-0.20,88
1616,億泰,2021-01-28,358000,1873280,5.29,5.33,5.19,5.23,-0.06,136
1617,榮星,2021-01-28,52000,731850,14.05,14.15,14.05,14.10,-0.10,31
1618,合機,2021-01-28,972000,10647700,10.95,11.15,10.70,10.80,-0.15,319
1626,艾美特-KY,2021-01-28,170000,4035900,23.65,24.20,23.30,24.20,0.30,100
1701,中化,2021-01-28,695000,15246350,22.00,22.10,21.80,21.80,-0.25,374
1702,南僑,2021-01-28,452000,20181300,44.50,45.00,44.50,44.50,0.00,356
1707,葡萄王,2021-01-28,247000,42827500,174.00,174.00,172.50,173.00,-1.00,220
1708,東鹼,2021-01-28,229000,4979150,21.75,21.80,21.70,21.75,-0.05,144
1709,和益,2021-01-28,733000,10285600,14.10,14.15,13.95,14.00,-0.15,284
1710,東聯,2021-01-28,2488000,44939050,18.00,18.35,17.85,17.95,-0.05,1014
1711,永光,2021-01-28,977000,15152100,15.65,15.65,15.30,15.35,-0.25,455
1712,興農,2021-01-28,1013000,20779250,20.65,20.65,20.45,20.45,-0.20,522
1713,國化,2021-01-28,141000,2611550,18.55,18.65,18.50,18.55,0.00,53
1714,和桐,2021-01-28,3400000,31312230,9.30,9.32,9.11,9.17,-0.11,1075
1717,長興,2021-01-28,2788000,93447500,33.75,34.15,33.20,33.25,-0.70,1561
1718,中纖,2021-01-28,6757000,56666870,8.48,8.51,8.27,8.29,-0.16,2225
1720,生達,2021-01-28,243000,8669450,35.65,35.80,35.60,35.60,-0.10,157
1722,台肥,2021-01-28,2271000,114097100,50.30,50.50,50.00,50.30,0.00,868
1723,中碳,2021-01-28,387000,39030000,101.00,101.00,100.50,101.00,0.00,309
1724,台硝,2021-01-28,26000,323000,12.50,12.50,12.40,12.40,-0.10,21
1725,元禎,2021-01-28,35000,526000,15.05,15.15,15.00,15.00,-0.25,30
1726,永記,2021-01-28,85000,5957100,70.10,70.20,70.00,70.00,-0.40,71
1727,中華化,2021-01-28,30000,323600,10.90,10.90,10.75,10.75,-0.10,20
1730,花仙子,2021-01-28,109000,7590500,69.60,70.00,69.40,69.60,0.00,82
1731,美吾華,2021-01-28,325000,5377350,16.55,16.65,16.50,16.50,-0.05,166
1732,毛寶,2021-01-28,6991000,215344650,29.80,31.90,29.70,30.10,-0.10,3725
1733,五鼎,2021-01-28,154000,3405700,22.15,22.45,22.00,22.05,-0.15,82
1734,杏輝,2021-01-28,1175000,31974300,27.65,27.85,26.60,26.70,-1.00,747
1735,日勝化,2021-01-28,6000,99900,16.65,16.65,16.65,16.65,0.00,2
1736,喬山,2021-01-28,1605000,133273200,84.30,84.30,81.90,81.90,-2.40,1126
1737,臺鹽,2021-01-28,345000,11034400,32.00,32.10,31.90,32.05,0.00,164
1760,寶齡富錦,2021-01-28,770000,58110100,77.40,77.40,73.80,74.10,-2.50,580
1762,中化生,2021-01-28,653000,34660500,53.50,53.90,52.50,53.40,-0.20,462
1773,勝一,2021-01-28,277000,27976500,101.00,102.00,100.00,100.00,-1.00,214
1776,展宇,2021-01-28,30000,484050,16.15,16.25,16.05,16.15,0.05,21
1783,和康生,2021-01-28,478000,10827300,22.60,22.85,22.45,22.80,0.20,129
1786,科妍,2021-01-28,64000,3408400,53.10,53.80,53.00,53.00,-0.20,57
1789,神隆,2021-01-28,1130000,27624100,24.85,25.00,24.10,24.15,-0.70,724
1795,美時,2021-01-28,646000,43869000,68.70,68.90,67.30,67.50,-0.90,490
1802,台玻,2021-01-28,10291000,165585700,16.40,16.45,15.80,15.95,-0.25,3166
1805,寶徠,2021-01-28,581000,6402350,11.05,11.20,10.95,10.95,-0.05,99
1806,冠軍,2021-01-28,4636000,36693320,7.65,8.08,7.65,7.70,0.07,1157
1808,潤隆,2021-01-28,206000,11890800,57.50,58.00,57.50,57.50,-0.40,142
1809,中釉,2021-01-28,416000,4379850,10.60,10.70,10.40,10.45,-0.10,185
1810,和成,2021-01-28,480000,4325930,9.01,9.08,8.99,9.00,-0.04,228
1817,凱撒衛,2021-01-28,84000,2682850,32.00,32.00,31.90,31.90,-0.05,52
1903,士紙,2021-01-28,266000,12876100,48.70,49.00,47.90,48.10,-0.80,179
1904,正隆,2021-01-28,2735000,79426400,29.25,29.45,28.70,28.70,-0.50,1373
1905,華紙,2021-01-28,3101000,30999300,10.05,10.15,9.93,9.93,-0.07,983
1906,寶隆,2021-01-28,168000,2560200,15.35,15.45,15.05,15.05,-0.35,104
1907,永豐餘,2021-01-28,3822000,90069350,23.90,24.15,23.20,23.40,-0.35,1435
1909,榮成,2021-01-28,6820000,133721250,19.55,19.80,19.35,19.45,-0.10,1947
2002,中鋼,2021-01-28,33165000,767898050,23.25,23.55,22.95,22.95,-0.35,9145
2002A,中鋼特,2021-01-28,41000,2075100,50.60,50.90,50.50,50.80,0.00,32
2006,東和鋼鐵,2021-01-28,6022000,190371150,32.10,32.20,31.35,31.40,-0.70,3039
2007,燁興,2021-01-28,789000,6199270,7.96,8.02,7.70,7.72,-0.23,383
2008,高興昌,2021-01-28,172000,2241000,13.15,13.35,12.75,12.80,-0.30,116
2009,第一銅,2021-01-28,6901000,141246500,21.20,21.50,19.70,19.70,-1.00,3091
2010,春源,2021-01-28,1161000,13671250,11.80,11.95,11.60,11.70,-0.10,421
2012,春雨,2021-01-28,271000,4770450,17.60,18.00,17.35,17.45,-0.15,143
2013,中鋼構,2021-01-28,464000,13358650,28.80,29.00,28.50,28.50,-0.30,280
2014,中鴻,2021-01-28,15386000,213620100,14.15,14.25,13.60,13.60,-0.30,4594
2015,豐興,2021-01-28,643000,40668600,63.50,64.30,63.00,63.00,-0.70,438
2017,官田鋼,2021-01-28,1392000,14082150,10.40,10.40,10.00,10.25,-0.05,445
2020,美亞,2021-01-28,711000,13261750,18.80,18.85,18.55,18.65,-0.20,305
2022,聚亨,2021-01-28,1118000,7030300,6.35,6.41,6.20,6.22,-0.15,405
2023,燁輝,2021-01-28,4639000,53563550,11.70,11.85,11.35,11.35,-0.35,1482
2024,志聯,2021-01-28,85000,1212200,14.20,14.45,14.05,14.45,0.30,40
2025,千興,2021-01-28,338000,868770,2.56,2.60,2.52,2.52,-0.06,50
2027,大成鋼,2021-01-28,7201000,181637500,25.60,25.60,25.05,25.10,-0.30,2649
2028,威致,2021-01-28,1426000,30433150,21.90,22.00,20.50,20.55,-0.75,794
2029,盛餘,2021-01-28,225000,4525200,20.15,20.35,20.00,20.00,-0.15,129
2030,彰源,2021-01-28,920000,11306600,12.30,12.50,12.05,12.05,-0.20,406
2031,新光鋼,2021-01-28,1464000,50215650,34.65,34.75,34.10,34.10,-0.40,651
2032,新鋼,2021-01-28,744000,9407900,12.80,12.95,12.25,12.35,-0.15,327
2033,佳大,2021-01-28,214000,2524250,12.15,12.15,11.35,11.55,-0.30,115
2034,允強,2021-01-28,1524000,38371750,25.30,25.45,25.00,25.00,-0.10,716
2038,海光,2021-01-28,4103000,63960550,16.25,16.40,15.10,15.10,-1.00,1567
2049,上銀,2021-01-28,3936000,1577600000,413.50,415.50,394.50,396.00,-12.50,3060
2059,川湖,2021-01-28,307000,91533000,305.00,305.00,294.50,299.00,-2.50,258
2062,橋椿,2021-01-28,315000,7079700,22.75,22.75,22.15,22.15,-0.80,181
2069,運錩,2021-01-28,121000,1839550,15.15,15.40,15.05,15.05,-0.15,73
2101,南港,2021-01-28,1142000,43090900,38.05,38.15,37.40,37.80,-0.40,625
2102,泰豐,2021-01-28,1036000,17384150,16.75,17.00,16.65,16.65,-0.20,311
2103,台橡,2021-01-28,1762000,35084000,20.10,20.15,19.75,20.00,-0.10,643
2104,國際中橡,2021-01-28,2563000,60438700,24.10,24.15,23.10,23.15,-0.50,1226
2105,正新,2021-01-28,6548000,261622800,40.35,40.80,39.50,39.95,-0.40,2762
2106,建大,2021-01-28,1198000,38489700,31.80,32.40,31.70,32.00,0.10,750
2107,厚生,2021-01-28,1003000,22628050,22.70,22.80,22.25,22.25,-0.35,436
2108,南帝,2021-01-28,4459000,260943200,59.00,59.60,57.30,57.40,-1.60,2884
2109,華豐,2021-01-28,302000,3450350,11.50,11.50,11.35,11.45,-0.15,114
2114,鑫永銓,2021-01-28,89000,7868700,88.50,89.20,87.90,88.00,-0.60,54
2115,六暉-KY,2021-01-28,61000,2670300,44.10,44.30,43.35,43.45,-0.75,52
2201,裕隆,2021-01-28,6913000,285910550,41.75,42.10,40.90,40.90,-0.45,3432
2204,中華,2021-01-28,557000,25985250,46.55,47.00,46.40,46.45,-0.10,318
2206,三陽工業,2021-01-28,3590000,114238250,32.60,32.65,31.30,31.50,-0.90,1711
2207,和泰車,2021-01-28,1012000,581569000,590.00,590.00,567.00,567.00,-23.00,779
2208,台船,2021-01-28,1458000,35337000,24.70,24.70,23.95,24.05,-0.70,668
2227,裕日車,2021-01-28,162000,39868500,247.00,247.50,245.00,245.50,-1.50,143
2228,劍麟,2021-01-28,247000,18623800,76.80,76.80,74.30,74.30,-2.20,192
2231,為升,2021-01-28,1400000,258354000,185.00,189.00,181.00,182.00,1.50,1074
2233,宇隆,2021-01-28,861000,75335300,88.30,89.00,86.70,87.10,-1.00,555
2236,百達-KY,2021-01-28,30000,571850,19.40,19.50,18.45,18.50,-0.35,24
2239,英利-KY,2021-01-28,1849000,204921000,112.00,115.50,104.50,106.00,-3.00,1394
2241,艾姆勒,2021-01-28,479000,27731200,60.60,60.60,56.20,56.50,-2.20,333
2243,宏旭-KY,2021-01-28,40000,466650,11.70,11.90,11.15,11.45,-0.25,19
2247,汎德永業,2021-01-28,118000,27372500,235.00,235.00,230.00,230.00,-1.50,107
2301,光寶科,2021-01-28,14733000,814935000,56.00,56.70,54.30,54.90,-2.10,4974
2302,麗正,2021-01-28,2993000,65148900,21.00,22.00,20.65,22.00,2.00,1123
2303,聯電,2021-01-28,268132000,13795750600,52.30,52.60,50.00,50.00,-1.20,88722
2305,全友,2021-01-28,848000,7049470,8.46,8.49,8.10,8.14,-0.26,324
2308,台達電,2021-01-28,16565000,4825796500,298.00,298.00,282.50,282.50,-5.00,9192
2312,金寶,2021-01-28,8923000,107544900,12.15,12.25,11.90,11.90,-0.15,2486
2313,華通,2021-01-28,10488000,449625900,43.50,43.60,42.40,42.45,-0.70,4447
2314,台揚,2021-01-28,4104000,132913700,33.15,33.40,31.60,31.85,-1.00,2267
2316,楠梓電,2021-01-28,1386000,41259750,30.10,30.15,29.55,29.85,-0.25,478
2317,鴻海,2021-01-28,179678000,20660161000,119.00,120.00,111.50,111.50,-7.00,77673
2321,東訊,2021-01-28,23000,134510,6.39,6.39,5.81,5.86,-0.57,12
2323,中環,2021-01-28,6648000,55470540,8.52,8.52,8.21,8.23,-0.19,1762
2324,仁寶,2021-01-28,27624000,600176050,22.25,22.40,21.45,21.45,-0.70,8595
2327,國巨,2021-01-28,10928000,6375716000,586.00,594.00,573.00,574.00,-3.00,7939
2328,廣宇,2021-01-28,138131000,5951206550,44.45,45.55,39.80,41.35,-2.15,62467
2329,華泰,2021-01-28,15597000,238577850,15.15,15.70,14.70,14.75,-0.40,4265
2330,台積電,2021-01-28,89819000,54181451000,619.00,619.00,591.00,591.00,-10.00,45063
2331,精英,2021-01-28,6793000,175628850,25.90,26.60,25.20,25.20,-0.45,2472
2332,友訊,2021-01-28,5382000,128735600,24.15,24.40,23.55,24.15,0.05,1945
2337,旺宏,2021-01-28,38293000,1529600750,40.50,40.70,39.10,39.30,-0.30,14125
2338,光罩,2021-01-28,6456000,256029650,40.65,40.75,38.70,38.80,-1.35,3265
2340,光磊,2021-01-28,5953000,149764950,25.60,25.60,24.90,25.15,0.00,2249
2342,茂矽,2021-01-28,9256000,340294250,36.65,37.70,35.10,35.40,-1.15,4234
2344,華邦電,2021-01-28,86666000,2334033100,27.00,27.50,26.45,26.45,-0.05,26516
2345,智邦,2021-01-28,5339000,1464673500,272.50,278.00,268.50,269.50,-3.50,3324
2347,聯強,2021-01-28,5750000,263657100,46.20,46.90,45.10,45.20,-1.50,2534
2348,海悅,2021-01-28,442000,38599200,86.90,88.00,86.80,86.80,0.30,328
2349,錸德,2021-01-28,3626000,36941250,10.25,10.35,10.10,10.15,-0.05,831
2351,順德,2021-01-28,4102000,354297900,89.10,89.50,83.20,83.20,-5.00,2988
2352,佳世達,2021-01-28,32075000,939162150,29.80,30.20,28.25,28.65,-0.55,15064
2353,宏碁,2021-01-28,169194000,4708920100,28.70,29.30,26.10,27.05,-1.10,54902
2354,鴻準,2021-01-28,19117000,1464275600,78.70,78.80,74.80,74.80,-2.40,10595
2355,敬鵬,2021-01-28,3633000,120830600,34.25,34.25,32.80,32.85,-0.95,1926
2356,英業達,2021-01-28,18131000,428468300,24.05,24.15,23.25,23.25,-0.75,5361
2357,華碩,2021-01-28,3770000,1083788000,289.50,291.00,284.00,286.50,-2.00,2248
2358,廷鑫,2021-01-28,126000,1627950,12.85,13.05,12.85,12.90,0.05,58
2359,所羅門,2021-01-28,225000,3960350,17.75,17.85,17.45,17.60,-0.15,158
2360,致茂,2021-01-28,2979000,581200000,204.00,207.50,186.00,189.00,-12.50,2416
2362,藍天,2021-01-28,574000,16682450,29.15,29.40,28.80,29.25,-0.25,318
2363,矽統,2021-01-28,8597000,137299700,16.25,16.40,15.50,15.50,-0.55,3022
2364,倫飛,2021-01-28,286000,900790,3.00,3.17,3.00,3.12,0.14,56
2365,昆盈,2021-01-28,1246000,12965750,10.60,10.70,10.30,10.30,-0.25,380
2367,燿華,2021-01-28,4071000,81656000,20.40,20.40,19.90,19.95,-0.20,1589
2368,金像電,2021-01-28,14405000,772543800,55.10,55.30,51.90,52.10,-1.90,7320
2369,菱生,2021-01-28,6764000,94751250,14.30,14.40,13.75,13.80,-0.45,1847
2371,大同,2021-01-28,49645000,1290599350,26.05,26.60,25.05,25.20,0.30,15576
2373,震旦行,2021-01-28,107000,9167200,85.60,86.10,85.30,85.80,-0.50,100
2374,佳能,2021-01-28,867000,12496100,14.65,14.70,14.15,14.40,-0.35,418
2375,凱美,2021-01-28,18120000,1828288100,103.50,105.50,95.80,98.50,-2.50,11318
2376,技嘉,2021-01-28,4864000,387434000,80.00,80.60,78.50,78.90,0.00,2992
2377,微星,2021-01-28,6631000,882393500,134.50,136.50,130.00,130.50,-4.00,3395
2379,瑞昱,2021-01-28,8058000,3730865000,480.50,485.00,451.50,451.50,-28.50,5948
2380,虹光,2021-01-28,900000,6543450,7.57,7.57,7.00,7.19,-0.31,388
2382,廣達,2021-01-28,10458000,854775200,82.30,83.10,80.70,80.70,-2.10,5011
2383,台光電,2021-01-28,3545000,544270000,157.00,158.00,150.00,150.50,-6.00,2650
2385,群光,2021-01-28,3201000,280664900,88.50,89.00,86.50,86.50,-2.70,1928
2387,精元,2021-01-28,9562000,651762800,70.00,70.40,65.50,66.70,-2.00,5365
2388,威盛,2021-01-28,2196000,115713200,53.30,54.20,51.30,51.30,-1.50,1499
2390,云辰,2021-01-28,1201000,15552050,13.25,13.35,12.65,12.65,-0.55,616
2392,正崴,2021-01-28,3602000,163096900,46.25,46.25,44.50,44.85,-1.05,2001
2393,億光,2021-01-28,4073000,172183750,43.25,43.25,41.25,41.50,-1.70,2616
2395,研華,2021-01-28,1598000,554672500,345.50,355.00,344.00,346.00,-4.50,1127
2397,友通,2021-01-28,50000,3199300,63.80,64.20,63.80,63.80,0.10,38
2399,映泰,2021-01-28,21767000,328399050,14.65,15.65,14.45,15.65,1.35,7773
2401,凌陽,2021-01-28,136500000,3659476550,26.65,28.10,25.10,25.10,-0.70,50370
2402,毅嘉,2021-01-28,1929000,31764950,16.90,16.95,16.10,16.20,-0.50,823
2404,漢唐,2021-01-28,1092000,262236000,241.50,243.00,238.00,239.00,0.00,916
2405,浩鑫,2021-01-28,1579000,18541600,11.85,11.95,11.50,11.50,-0.35,594
2406,國碩,2021-01-28,3473000,61143450,17.95,18.15,17.25,17.40,-0.45,1645
2408,南亞科,2021-01-28,19262000,1564824400,80.50,83.00,79.60,79.90,0.50,10004
2409,友達,2021-01-28,507600000,7657844200,14.80,15.35,14.75,14.75,0.25,64519
2412,中華電,2021-01-28,12396000,1341869500,108.50,109.00,108.00,108.00,-1.00,4974
2413,環科,2021-01-28,2581000,62428900,25.00,25.45,23.45,23.60,-1.50,1277
2414,精技,2021-01-28,216000,5488800,25.55,25.65,25.30,25.30,-0.30,155
2415,錩新,2021-01-28,6573000,221841050,35.40,36.00,31.90,32.65,-2.75,3954
2417,圓剛,2021-01-28,6310000,290694400,46.90,47.60,45.05,45.30,-1.60,3742
2419,仲琦,2021-01-28,746000,16923600,22.75,23.15,22.25,22.25,-0.50,403
2420,新巨,2021-01-28,394000,12776300,32.70,32.70,32.20,32.20,-0.45,246
2421,建準,2021-01-28,2220000,117314100,52.80,53.60,52.30,52.30,-0.20,1595
2423,固緯,2021-01-28,326000,7631450,23.25,23.65,23.05,23.05,-0.25,237
2424,隴華,2021-01-28,14000,360150,24.45,25.95,24.45,25.95,2.35,14
2425,承啟,2021-01-28,576000,15521100,26.70,27.45,26.55,26.55,-0.05,354
2426,鼎元,2021-01-28,6737000,123586650,18.30,18.75,18.05,18.15,-0.05,2423
2427,三商電,2021-01-28,196000,2212150,11.25,11.35,11.25,11.35,0.05,65
2428,興勤,2021-01-28,999000,178736500,183.50,184.50,175.00,175.00,-6.50,809
2429,銘旺科,2021-01-28,51000,886900,17.45,17.55,17.00,17.45,0.00,37
2430,燦坤,2021-01-28,212000,4170050,19.55,19.85,19.50,19.60,-0.15,93
2431,聯昌,2021-01-28,379000,4006400,10.75,10.85,10.35,10.40,-0.25,196
2433,互盛電,2021-01-28,59000,2952250,50.00,50.20,49.90,49.90,-0.20,47
2434,統懋,2021-01-28,11000,291850,26.55,26.60,26.50,26.50,-0.10,7
2436,偉詮電,2021-01-28,4705000,204984750,44.60,44.70,42.45,43.00,-0.80,2727
2438,翔耀,2021-01-28,80000,861100,11.20,11.30,10.30,10.30,-0.80,37
2439,美律,2021-01-28,2590000,352923000,134.50,138.00,134.00,135.50,2.00,1769
2440,太空梭,2021-01-28,324000,3978150,12.60,12.60,12.10,12.30,-0.10,181
2441,超豐,2021-01-28,7473000,486999600,67.80,68.30,63.20,63.50,-3.80,4519
2442,新美齊,2021-01-28,658000,6192620,9.45,9.50,9.35,9.35,-0.08,245
2443,億麗,2021-01-28,2193000,4213040,1.89,2.09,1.89,2.07,-0.03,331
2444,兆勁,2021-01-28,556000,8177050,15.05,15.05,14.50,14.60,-0.30,294
2449,京元電子,2021-01-28,23172000,875501650,38.85,39.00,36.95,37.00,-1.40,10426
2450,神腦,2021-01-28,212000,6532400,31.05,31.25,30.60,30.60,-0.50,180
2451,創見,2021-01-28,975000,60141100,61.70,62.00,61.50,61.60,-0.10,673
2453,凌群,2021-01-28,197000,3340600,17.05,17.05,16.85,16.90,0.05,124
2454,聯發科,2021-01-28,17406000,15464417000,889.00,903.00,875.00,875.00,6.00,11609
2455,全新,2021-01-28,5437000,581884000,111.00,111.50,105.00,105.00,-4.00,3445
2456,奇力新,2021-01-28,4764000,490492000,105.50,105.50,101.00,101.00,-3.00,2796
2457,飛宏,2021-01-28,8798000,149904050,17.60,17.65,16.50,16.50,-0.55,3600
2458,義隆,2021-01-28,4652000,759051500,168.00,169.00,159.50,159.50,-5.50,3159
2459,敦吉,2021-01-28,84000,3787300,45.15,45.15,45.00,45.05,-0.10,68
2460,建通,2021-01-28,8726000,212383850,25.20,25.70,23.00,23.15,-2.00,4065
2461,光群雷,2021-01-28,741000,12221900,16.60,16.70,16.25,16.40,-0.15,257
2462,良得電,2021-01-28,269000,7383250,28.05,28.05,27.10,27.40,-0.70,130
2464,盟立,2021-01-28,742000,30626000,41.45,41.80,41.00,41.15,-0.15,493
2465,麗臺,2021-01-28,1285000,22296050,17.20,17.85,16.70,17.50,0.75,671
2466,冠西電,2021-01-28,135000,4351500,32.40,32.55,32.00,32.40,-0.20,84
2467,志聖,2021-01-28,1035000,41913150,40.95,41.00,40.00,40.10,-0.60,532
2468,華經,2021-01-28,98000,1260450,12.85,12.95,12.80,12.85,-0.05,45
2471,資通,2021-01-28,877000,23141150,26.45,26.80,26.00,26.00,-0.05,532
2472,立隆電,2021-01-28,5349000,377679700,71.60,72.70,68.00,68.00,-2.70,3634
2474,可成,2021-01-28,5675000,1141123000,205.50,207.00,198.00,198.00,-7.00,3323
2476,鉅祥,2021-01-28,2484000,64272000,26.30,26.70,25.05,25.30,-0.85,1201
2477,美隆電,2021-01-28,639000,18793400,29.85,30.30,28.90,29.10,-0.95,347
2478,大毅,2021-01-28,1949000,155394400,81.50,81.90,78.20,78.20,-2.50,1344
2480,敦陽科,2021-01-28,207000,13807300,66.60,67.20,66.50,66.50,-0.20,175
2481,強茂,2021-01-28,37599000,1987172900,52.30,55.50,50.50,50.50,-0.70,19906
2482,連宇,2021-01-28,55000,574400,10.50,10.50,10.40,10.45,0.00,26
2483,百容,2021-01-28,42000,814650,19.50,19.50,19.30,19.30,-0.20,29
2484,希華,2021-01-28,1338000,30308250,22.95,23.05,22.30,22.35,-0.40,712
2485,兆赫,2021-01-28,1557000,27385500,17.45,17.90,17.35,17.40,0.10,572
2486,一詮,2021-01-28,2503000,43492800,17.95,17.95,17.00,17.05,-0.60,845
2488,漢平,2021-01-28,124000,3599900,29.10,29.20,28.90,29.05,-0.05,98
2489,瑞軒,2021-01-28,4910000,55458700,11.25,11.45,11.10,11.15,-0.10,924
2491,吉祥全,2021-01-28,1973000,24872600,13.20,13.50,11.80,11.95,-1.10,848
2492,華新科,2021-01-28,6904000,1562749000,230.00,232.00,220.50,220.50,-6.50,4664
2493,揚博,2021-01-28,346000,11724500,34.15,34.15,33.70,33.70,-0.30,246
2495,普安,2021-01-28,386000,4638550,12.10,12.15,11.90,12.00,-0.15,171
2496,卓越,2021-01-28,3000,155900,51.90,52.00,51.90,52.00,0.10,2
2497,怡利電,2021-01-28,1681000,60415500,36.50,37.05,35.15,35.30,-0.70,974
2498,宏達電,2021-01-28,6746000,191368400,28.05,29.05,27.85,28.45,0.45,2839
2501,國建,2021-01-28,1083000,20313550,18.85,18.85,18.65,18.65,-0.25,492
2504,國產,2021-01-28,4174000,88339400,21.40,21.45,20.85,20.90,-0.45,1580
2505,國揚,2021-01-28,1532000,46170350,30.65,30.75,29.55,29.75,-0.85,789
2506,太設,2021-01-28,429000,3962340,9.25,9.29,9.16,9.17,-0.13,163
2509,全坤建,2021-01-28,177000,2952650,16.80,16.80,16.60,16.65,-0.15,114
2511,太子,2021-01-28,1397000,15070850,10.85,10.90,10.70,10.75,-0.15,333
2514,龍邦,2021-01-28,350000,4902900,14.05,14.10,13.95,13.95,-0.15,143
2515,中工,2021-01-28,13657000,115866690,8.68,8.70,8.33,8.34,-0.30,3388
2516,新建,2021-01-28,138000,656720,4.75,4.85,4.72,4.79,-0.03,65
2520,冠德,2021-01-28,2810000,89935150,32.40,32.40,31.65,32.05,-0.40,1508
2524,京城,2021-01-28,216000,7608100,35.55,35.90,34.50,35.00,-0.65,138
2527,宏璟,2021-01-28,307000,5644150,18.50,18.60,18.25,18.40,-0.05,157
2528,皇普,2021-01-28,159000,3644450,22.75,23.00,22.50,22.75,-0.25,81
2530,華建,2021-01-28,563000,7580650,13.45,13.50,13.40,13.45,-0.05,132
2534,宏盛,2021-01-28,438000,7877400,18.10,18.10,17.90,18.05,-0.05,156
2535,達欣工,2021-01-28,1341000,33368900,24.95,25.10,24.75,24.75,-0.20,781
2536,宏普,2021-01-28,411000,8825550,21.50,21.55,21.40,21.40,-0.10,171
2537,聯上發,2021-01-28,529000,4667110,8.81,8.89,8.78,8.80,-0.08,265
2538,基泰,2021-01-28,724000,7121380,9.86,9.93,9.79,9.80,-0.08,289
2539,櫻花建,2021-01-28,299000,8973900,30.00,30.20,29.95,29.95,-0.15,174
2540,愛山林,2021-01-28,133000,8724500,66.00,67.00,64.90,66.00,0.00,91
2542,興富發,2021-01-28,4110000,176653050,43.25,43.40,42.60,42.60,-0.65,2304
2543,皇昌,2021-01-28,90000,609370,6.80,6.81,6.71,6.73,-0.17,55
2545,皇翔,2021-01-28,898000,31789500,35.85,36.00,35.00,35.00,-1.15,491
2546,根基,2021-01-28,129000,5993050,46.50,46.80,46.30,46.30,-0.20,93
2547,日勝生,2021-01-28,991000,10570500,10.80,10.80,10.55,10.60,-0.20,371
2548,華固,2021-01-28,1125000,96789600,86.60,86.60,85.70,86.20,-0.40,729
2597,潤弘,2021-01-28,75000,5104500,68.00,68.20,68.00,68.00,-0.20,58
2601,益航,2021-01-28,4996000,45355740,9.21,9.25,9.00,9.01,-0.17,1773
2603,長榮,2021-01-28,267775000,8595277450,33.45,33.55,30.85,31.20,-2.00,63813
2605,新興,2021-01-28,6405000,115895200,18.80,18.80,17.60,17.60,-0.95,2448
2606,裕民,2021-01-28,7318000,231727000,32.55,32.75,31.00,31.25,-1.15,3149
2607,榮運,2021-01-28,3147000,49227850,15.85,15.90,15.55,15.60,-0.20,854
2608,嘉里大榮,2021-01-28,256000,10603650,41.65,41.80,40.80,41.15,-1.00,193
2609,陽明,2021-01-28,122822000,2473019750,21.05,21.10,19.45,19.75,-0.95,32771
2610,華航,2021-01-28,121117000,1357793800,11.60,11.75,10.85,11.00,-0.45,21293
2611,志信,2021-01-28,1951000,18399830,9.83,9.83,9.10,9.24,-0.43,671
2612,中航,2021-01-28,929000,27901450,30.65,30.95,29.45,29.70,-0.75,461
2613,中櫃,2021-01-28,520000,8579800,17.15,17.25,16.15,16.15,-0.95,283
2614,東森,2021-01-28,1802000,28919200,16.20,16.25,15.95,15.95,-0.15,799
2615,萬海,2021-01-28,18678000,813677550,45.10,45.45,42.15,42.80,-1.95,7486
2616,山隆,2021-01-28,92000,2871800,31.20,31.30,31.15,31.15,-0.10,68
2617,台航,2021-01-28,1964000,35355750,18.30,18.35,17.80,17.90,-0.30,737
2618,長榮航,2021-01-28,29281000,372563250,13.00,13.10,12.55,12.55,-0.35,6057
2630,亞航,2021-01-28,74000,1165450,15.95,17.50,15.05,17.00,1.05,52
2633,台灣高鐵,2021-01-28,13348000,386939900,29.00,29.15,28.90,28.90,-0.15,3870
2634,漢翔,2021-01-28,1600000,43588850,27.30,27.35,27.15,27.15,-0.20,807
2636,台驊投控,2021-01-28,1026000,39432300,39.10,39.15,38.00,38.05,-0.95,632
2637,慧洋-KY,2021-01-28,2131000,51011950,24.35,24.40,23.70,23.90,-0.40,882
2642,宅配通,2021-01-28,208000,6606250,31.90,31.95,31.50,31.55,-0.35,141
2701,萬企,2021-01-28,132000,1556600,11.80,11.85,11.75,11.75,-0.05,35
2702,華園,2021-01-28,75000,1128550,15.00,15.30,14.95,15.00,0.00,48
2704,國賓,2021-01-28,132000,3886800,29.55,29.95,29.10,29.10,-0.65,99
2705,六福,2021-01-28,682000,13588850,19.00,20.95,18.90,19.90,0.85,355
2706,第一店,2021-01-28,204000,2743250,13.45,13.50,13.35,13.45,0.00,94
2707,晶華,2021-01-28,337000,43562500,128.50,131.00,128.50,128.50,0.00,227
2712,遠雄來,2021-01-28,27000,1127000,41.45,42.30,41.45,42.30,0.80,26
2722,夏都,2021-01-28,158000,4253950,26.15,28.00,25.15,28.00,1.80,108
2723,美食-KY,2021-01-28,636000,81767500,130.50,132.00,125.50,127.50,-3.00,506
2727,王品,2021-01-28,4541000,549976000,125.50,127.50,113.00,114.00,-10.00,3211
2731,雄獅,2021-01-28,82000,5893500,71.60,72.50,71.50,71.50,0.10,78
2739,寒舍,2021-01-28,59000,1363400,23.15,23.90,22.65,22.65,-0.55,48
2748,雲品,2021-01-28,61000,2403900,39.10,40.30,39.10,39.15,0.00,45
2801,彰銀,2021-01-28,15613000,260271600,16.75,16.80,16.55,16.55,-0.25,4214
2809,京城銀,2021-01-28,1716000,65160000,38.10,38.25,37.90,37.95,-0.10,899
2812,台中銀,2021-01-28,3704000,39508700,10.70,10.70,10.65,10.65,-0.05,1157
2816,旺旺保,2021-01-28,234000,4637150,19.85,19.90,19.65,19.65,-0.20,130
2820,華票,2021-01-28,748000,10995000,14.70,14.75,14.65,14.65,-0.05,356
2823,中壽,2021-01-28,29194000,664263800,22.80,22.80,22.70,22.70,0.05,7661
2832,台產,2021-01-28,289000,5784350,20.05,20.10,19.95,20.00,-0.05,176
2834,臺企銀,2021-01-28,25452000,233122920,9.21,9.23,9.10,9.10,-0.11,7533
2836,高雄銀,2021-01-28,841000,8084860,9.66,9.67,9.58,9.59,-0.12,353
2836A,高雄銀甲特,2021-01-28,103000,2346950,22.90,22.90,22.70,22.70,-0.20,52
2838,聯邦銀,2021-01-28,1973000,20475750,10.40,10.50,10.30,10.30,-0.10,450
2838A,聯邦銀甲特,2021-01-28,237000,12232200,51.70,52.00,51.50,51.50,-0.30,84
2841,台開,2021-01-28,2425000,16804210,7.02,7.02,6.88,6.90,-0.07,824
2845,遠東銀,2021-01-28,3170000,32468550,10.25,10.30,10.20,10.25,0.00,826
2849,安泰銀,2021-01-28,480000,6644900,14.00,14.00,13.70,13.70,-0.35,201
2850,新產,2021-01-28,239000,8758000,36.75,36.75,36.50,36.55,-0.25,167
2851,中再保,2021-01-28,595000,12671550,21.55,21.55,21.10,21.20,-0.45,352
2852,第一保,2021-01-28,232000,2962150,12.70,12.80,12.70,12.70,-0.05,59
2855,統一證,2021-01-28,5043000,101492250,20.45,20.50,19.80,20.00,-0.35,1491
2867,三商壽,2021-01-28,3988000,32154190,8.10,8.14,8.02,8.02,-0.07,1173
2880,華南金,2021-01-28,22874000,393612050,17.30,17.30,17.15,17.15,-0.15,8211
2881,富邦金,2021-01-28,25259000,1157059500,46.15,46.70,45.55,45.55,-0.65,6010
2881A,富邦特,2021-01-28,202000,12478600,61.80,61.80,61.70,61.70,-0.20,54
2881B,富邦金乙特,2021-01-28,329000,20637800,62.20,63.00,62.20,62.90,0.00,37
2882,國泰金,2021-01-28,33455000,1337852000,40.15,40.25,39.90,39.90,-0.20,8164
2882A,國泰特,2021-01-28,343000,21168300,62.00,62.00,61.60,61.90,0.20,22
2882B,國泰金乙特,2021-01-28,5000,311900,62.30,62.40,62.30,62.40,X0.00,5
2883,開發金,2021-01-28,47887000,428807600,8.97,9.04,8.92,8.92,-0.02,7972
2884,玉山金,2021-01-28,68399000,1628664500,24.00,24.00,23.60,23.60,-0.40,27520
2885,元大金,2021-01-28,35762000,719480150,20.35,20.45,19.90,19.90,-0.40,7246
2886,兆豐金,2021-01-28,37545000,1065313700,28.55,28.65,28.15,28.15,-0.40,11952
2887,台新金,2021-01-28,28188000,353949400,12.60,12.65,12.50,12.50,-0.15,6493
2887E,台新戊特,2021-01-28,47000,2451500,52.10,52.30,52.10,52.10,0.00,18
2887F,台新戊特二,2021-01-28,1000,51400,51.40,51.40,51.40,51.40,0.00,1
2888,新光金,2021-01-28,63685000,515046530,8.15,8.17,8.05,8.05,-0.09,7101
2888A,新光金甲特,2021-01-28,45000,1917800,42.65,42.65,42.60,42.60,-0.05,20
2888B,新光金乙特,2021-01-28,207000,8621800,41.70,41.70,41.50,41.55,-0.10,74
2889,國票金,2021-01-28,4588000,57976350,12.65,12.75,12.55,12.60,-0.05,1232
2890,永豐金,2021-01-28,26531000,291861900,11.05,11.10,10.95,10.95,-0.10,3799
2891,中信金,2021-01-28,56293000,1072880950,19.15,19.20,19.00,19.00,-0.20,12353
2891B,中信金乙特,2021-01-28,30000,1904200,63.30,63.60,63.30,63.60,0.10,11
2891C,中信金丙特,2021-01-28,4000,246800,61.70,61.70,61.70,61.70,0.00,4
2892,第一金,2021-01-28,27027000,547276950,20.30,20.50,20.20,20.20,-0.15,9064
2897,王道銀行,2021-01-28,2273000,14977680,6.62,6.62,6.56,6.57,-0.06,500
2897A,王道銀甲特,2021-01-28,4000,40400,10.10,10.10,10.10,10.10,0.00,3
2901,欣欣,2021-01-28,37000,862000,23.50,23.50,23.20,23.35,-0.15,25
2903,遠百,2021-01-28,2047000,44131650,21.55,21.70,21.40,21.50,-0.20,778
2904,匯僑,2021-01-28,45000,1166400,26.00,26.00,25.80,26.00,0.05,37
2905,三商,2021-01-28,711000,14175100,19.95,20.05,19.80,19.80,-0.25,367
2906,高林,2021-01-28,802000,12627150,15.65,15.90,15.55,15.70,0.00,229
2908,特力,2021-01-28,441000,10688950,24.70,24.75,23.80,24.00,-0.70,199
2910,統領,2021-01-28,3000,118850,40.00,40.00,38.85,40.00,-1.00,3
2911,麗嬰房,2021-01-28,278000,1794740,6.51,6.55,6.39,6.42,-0.18,162
2912,統一超,2021-01-28,3084000,834638000,268.50,273.50,267.00,267.00,-3.00,2123
2913,農林,2021-01-28,3928000,64859500,16.70,16.75,16.45,16.50,-0.20,556
2915,潤泰全,2021-01-28,1485000,101598100,68.90,69.00,68.10,68.20,-0.70,783
2923,鼎固-KY,2021-01-28,599000,16320900,28.15,28.80,26.20,28.80,0.10,266
2929,淘帝-KY,2021-01-28,2044000,27111700,13.80,13.85,12.80,12.80,-1.10,950
2936,客思達-KY,2021-01-28,33000,640500,19.75,19.75,19.15,19.40,-0.65,29
2939,凱羿-KY,2021-01-28,13000,391550,31.00,31.00,29.60,30.85,0.85,7
3002,歐格,2021-01-28,353000,3997350,11.40,11.45,11.25,11.30,0.15,163
3003,健和興,2021-01-28,6047000,330145400,56.90,57.10,52.00,53.00,-2.60,3834
3004,豐達科,2021-01-28,73000,3808000,52.20,52.60,51.80,51.90,-0.30,57
3005,神基,2021-01-28,1272000,61811350,49.20,49.25,48.05,48.05,-0.70,900
3006,晶豪科,2021-01-28,8870000,526672100,60.00,60.50,58.00,58.50,-0.50,4687
3008,大立光,2021-01-28,717000,2131520000,3045.00,3045.00,2940.00,2940.00,-85.00,618
3010,華立,2021-01-28,1948000,147191500,76.70,77.10,75.00,75.10,-0.90,1262
3011,今皓,2021-01-28,225000,1430300,6.50,6.57,6.29,6.41,-0.08,98
3013,晟銘電,2021-01-28,395000,5300950,13.70,13.70,13.25,13.30,-0.10,191
3014,聯陽,2021-01-28,2633000,189440400,72.40,72.70,71.40,71.60,0.30,1456
3015,全漢,2021-01-28,2034000,85888750,42.70,43.05,41.55,41.85,-0.80,1227
3016,嘉晶,2021-01-28,2497000,171322800,70.00,70.40,67.30,67.40,-2.10,1630
3017,奇鋐,2021-01-28,4945000,330413700,67.10,67.80,65.70,65.90,-0.20,3139
3018,同開,2021-01-28,168000,2579350,15.60,15.60,15.20,15.25,-0.35,91
3019,亞光,2021-01-28,9636000,736433900,74.70,78.40,73.80,73.80,-0.50,6539
3021,鴻名,2021-01-28,145000,2087300,14.65,14.65,14.15,14.30,-0.35,94
3022,威強電,2021-01-28,735000,37776200,51.50,52.70,50.50,50.50,-0.60,579
3023,信邦,2021-01-28,1588000,399209000,260.00,261.00,247.00,251.00,-7.00,1128
3024,憶聲,2021-01-28,1348000,14150150,10.40,10.65,10.35,10.45,0.15,577
3025,星通,2021-01-28,1855000,57815800,31.00,32.45,30.35,30.75,0.25,1050
3026,禾伸堂,2021-01-28,1030000,112879500,111.50,112.00,108.00,108.00,-2.50,755
3027,盛達,2021-01-28,557000,9824800,17.90,18.00,17.30,17.55,-0.30,265
3028,增你強,2021-01-28,431000,9587100,22.25,22.45,22.10,22.10,-0.15,202
3029,零壹,2021-01-28,1546000,58516900,38.35,38.50,37.60,37.70,-0.55,940
3030,德律,2021-01-28,568000,31674100,56.10,56.40,55.20,55.50,-0.70,375
3031,佰鴻,2021-01-28,468000,7221250,15.90,15.90,15.00,15.10,-0.55,302
3032,偉訓,2021-01-28,375000,14880100,40.55,40.55,39.25,39.35,-0.70,286
3033,威健,2021-01-28,880000,16042500,18.25,18.30,18.15,18.15,-0.10,354
3034,聯詠,2021-01-28,6619000,2648525500,401.00,408.50,394.00,394.00,-7.00,4382
3035,智原,2021-01-28,10136000,545514500,54.30,55.10,52.10,52.20,-1.20,6099
3036,文曄,2021-01-28,1193000,48750850,41.20,41.35,40.50,40.55,-0.75,553
3036A,文曄甲特,2021-01-28,126000,6049850,48.00,48.05,47.95,47.95,-0.05,36
3037,欣興,2021-01-28,27599000,2423653900,89.20,89.80,86.50,86.50,-1.60,14637
3038,全台,2021-01-28,519000,9237300,17.95,18.10,17.60,17.60,-0.35,301
3040,遠見,2021-01-28,436000,17253700,39.60,39.90,39.10,39.40,0.05,244
3041,揚智,2021-01-28,3126000,81543500,26.90,27.00,25.50,25.65,-0.95,1590
3042,晶技,2021-01-28,8917000,749276000,85.30,85.80,83.10,83.50,-1.50,5761
3043,科風,2021-01-28,159000,638920,4.18,4.18,3.81,3.95,-0.05,49
3044,健鼎,2021-01-28,2845000,371152500,132.00,132.50,128.50,128.50,-3.00,2014
3045,台灣大,2021-01-28,5167000,497798000,96.50,96.80,96.00,96.20,-1.00,2288
3046,建碁,2021-01-28,111000,1753700,16.10,16.20,15.55,15.55,-0.50,51
3047,訊舟,2021-01-28,1283000,15505650,12.20,12.30,11.90,11.95,-0.20,467
3048,益登,2021-01-28,1801000,40898100,23.05,23.15,22.40,22.45,-0.60,789
3049,和鑫,2021-01-28,3311000,31944180,9.68,9.75,9.60,9.62,-0.02,1024
3050,鈺德,2021-01-28,837000,14120900,17.15,17.40,16.45,16.45,-0.55,425
3051,力特,2021-01-28,186000,1091760,5.88,6.00,5.81,5.93,-0.01,51
3052,夆典,2021-01-28,786000,9449000,12.20,12.25,11.90,11.90,-0.25,282
3054,立萬利,2021-01-28,27000,612100,22.40,23.10,22.35,23.10,0.30,22
3055,蔚華科,2021-01-28,293000,8708100,30.05,30.25,29.15,29.15,-0.95,156
3056,總太,2021-01-28,779000,29564900,38.20,38.25,37.75,38.05,-0.05,487
3057,喬鼎,2021-01-28,178000,1802150,10.15,10.20,10.10,10.10,-0.05,73
3058,立德,2021-01-28,7428000,101430050,14.30,14.30,13.00,13.25,-0.55,2643
3059,華晶科,2021-01-28,42891000,1590763550,38.00,39.15,34.70,35.35,-2.60,20962
3060,銘異,2021-01-28,3939000,57482050,14.55,14.90,13.90,13.90,-0.65,961
3062,建漢,2021-01-28,3988000,71547350,18.40,18.45,17.55,17.60,-0.60,1620
3090,日電貿,2021-01-28,1000000,47817150,48.30,48.60,47.30,47.45,-0.65,665
3094,聯傑,2021-01-28,5435000,141989600,25.45,27.10,25.20,25.25,0.15,2958
3130,一零四,2021-01-28,5000,780500,155.50,157.00,155.50,157.00,1.50,4
3138,耀登,2021-01-28,2342000,761597500,318.00,338.50,303.00,337.00,29.00,1958
3149,正達,2021-01-28,5611000,159424000,29.15,29.60,27.55,27.75,-1.35,3124
3164,景岳,2021-01-28,74000,1499050,20.35,20.40,20.15,20.15,-0.25,49
3167,大量,2021-01-28,101000,4452450,44.20,44.40,43.60,44.05,-0.15,58
3189,景碩,2021-01-28,12898000,1026826500,82.60,83.00,78.00,78.10,-3.50,7856
3209,全科,2021-01-28,576000,12754150,22.25,22.35,22.05,22.10,-0.15,295
3229,晟鈦,2021-01-28,33000,167070,5.10,5.20,5.00,5.09,0.03,18
3231,緯創,2021-01-28,39924000,1267571250,32.70,32.80,30.90,31.25,-1.45,17456
3257,虹冠電,2021-01-28,4982000,407186400,76.10,83.00,76.10,79.30,3.80,2810
3266,昇陽,2021-01-28,80000,1117850,14.30,14.30,13.85,13.85,-0.70,34
3296,勝德,2021-01-28,638000,13136350,20.75,21.10,20.15,20.15,-1.10,312
3305,昇貿,2021-01-28,874000,25361100,29.60,29.70,28.70,28.70,-0.50,468
3308,聯德,2021-01-28,52000,337610,6.50,6.60,6.46,6.47,-0.13,30
3311,閎暉,2021-01-28,134000,4326350,32.60,32.70,32.00,32.00,-0.60,85
3312,弘憶股,2021-01-28,446000,6478150,14.65,14.65,14.40,14.40,-0.15,170
3321,同泰,2021-01-28,490000,6005200,12.15,12.65,12.10,12.25,0.15,280
3338,泰碩,2021-01-28,770000,44065200,58.50,58.70,56.20,56.40,-1.50,473
3346,麗清,2021-01-28,1760000,80562700,46.50,47.00,44.15,44.55,-1.45,1072
3356,奇偶,2021-01-28,650000,17392000,27.35,27.35,26.40,26.55,-0.65,392
3376,新日興,2021-01-28,914000,115533500,128.00,128.50,125.00,125.00,-2.50,660
3380,明泰,2021-01-28,20413000,742597100,36.90,37.90,34.55,34.55,-1.45,10091
3383,新世紀,2021-01-28,45000,156000,3.45,3.63,3.45,3.45,0.00,12
3406,玉晶光,2021-01-28,2880000,1401051000,493.00,493.50,480.00,482.00,-5.00,2437
3413,京鼎,2021-01-28,1494000,329371500,224.50,225.50,215.50,216.00,-6.00,1174
3416,融程電,2021-01-28,90000,6452100,71.90,72.20,71.20,71.50,-0.50,56
3419,譁裕,2021-01-28,1514000,28295800,19.10,19.25,18.10,18.30,-0.45,723
3432,台端,2021-01-28,187000,2325200,12.45,12.65,12.35,12.35,0.00,74
3437,榮創,2021-01-28,4832000,148269750,31.15,31.80,29.85,30.05,-0.60,2171
3443,創意,2021-01-28,7954000,3319787500,438.00,438.00,395.00,395.00,-20.00,5878
3450,聯鈞,2021-01-28,1211000,74065100,62.50,62.50,60.10,60.50,-1.20,901
3454,晶睿,2021-01-28,200000,17073100,86.30,87.80,84.50,84.70,-1.20,168
3481,群創,2021-01-28,236267000,3120070900,13.05,13.40,12.95,13.05,0.30,33950
3494,誠研,2021-01-28,260000,1120100,4.29,4.39,4.25,4.27,0.00,101
3501,維熹,2021-01-28,287000,14749900,51.50,52.00,50.50,50.60,-0.70,218
3504,揚明光,2021-01-28,1312000,73713600,54.40,57.80,53.70,54.40,1.10,1042
3515,華擎,2021-01-28,671000,96632000,148.00,148.00,142.00,142.00,-4.00,520
3518,柏騰,2021-01-28,93000,2778700,30.05,30.75,29.50,29.50,-0.55,73
3528,安馳,2021-01-28,49000,2010950,41.05,41.15,40.90,40.90,-0.25,41
3530,晶相光,2021-01-28,1125000,125802000,114.00,114.50,109.00,109.00,-4.00,839
3532,台勝科,2021-01-28,1115000,144867000,134.50,134.50,127.50,128.00,-4.50,857
3533,嘉澤,2021-01-28,780000,413490000,545.00,548.00,517.00,519.00,-16.00,700
3535,晶彩科,2021-01-28,269000,4685350,17.55,17.80,17.25,17.40,-0.15,141
3536,誠創,2021-01-28,6000,26220,4.21,4.45,4.21,4.45,0.00,3
3543,州巧,2021-01-28,509000,15129250,30.45,30.60,28.90,29.00,-1.50,300
3545,敦泰,2021-01-28,16599000,1433758700,89.70,90.20,83.60,84.00,-4.40,9364
3550,聯穎,2021-01-28,263000,3659500,14.20,14.20,13.65,13.90,-0.15,145
3557,嘉威,2021-01-28,142000,12458000,88.90,88.90,87.20,87.30,-0.20,119
3563,牧德,2021-01-28,298000,78390500,268.00,268.00,260.50,261.00,-2.50,280
3576,聯合再生,2021-01-28,21316000,255959750,12.30,12.40,11.70,11.80,-0.35,5845
3583,辛耘,2021-01-28,928000,57886400,63.80,64.20,61.10,61.10,-2.50,685
3588,通嘉,2021-01-28,1016000,60176700,60.60,61.20,57.70,58.20,-1.90,663
3591,艾笛森,2021-01-28,399000,6859350,17.30,17.55,16.95,16.95,-0.30,228
3593,力銘,2021-01-28,56000,659750,11.95,11.95,11.60,11.70,-0.20,30
3596,智易,2021-01-28,1501000,140115700,95.30,95.30,92.10,92.40,-1.90,1130
3605,宏致,2021-01-28,3745000,155078700,42.35,43.00,40.10,40.40,-1.70,2025
3607,谷崧,2021-01-28,802000,10572200,13.15,13.35,12.90,13.05,0.00,257
3617,碩天,2021-01-28,65000,5180300,79.80,81.20,79.20,79.50,-0.10,59
3622,洋華,2021-01-28,5060000,168937150,34.20,35.30,32.00,32.00,-2.00,2901
3645,達邁,2021-01-28,878000,42003550,48.60,48.95,46.70,47.15,-1.25,558
3653,健策,2021-01-28,1860000,562049000,305.50,311.50,292.50,293.50,-7.00,1513
3661,世芯-KY,2021-01-28,4107000,3462818000,872.00,878.00,820.00,825.00,-38.00,3423
3665,貿聯-KY,2021-01-28,4040000,1253145000,315.00,315.50,305.50,310.50,4.50,2938
3669,圓展,2021-01-28,3204000,256251000,80.00,81.40,78.60,80.50,0.80,2235
3673,TPK-KY,2021-01-28,2435000,103988700,43.00,43.30,42.20,42.60,-0.20,1331
3679,新至陞,2021-01-28,190000,19841000,104.00,106.00,103.00,103.00,-1.00,158
3682,亞太電,2021-01-28,6499000,62658120,9.76,9.85,9.50,9.52,-0.23,2019
3686,達能,2021-01-28,2104000,30016100,14.85,14.95,13.85,14.05,-0.55,971
3694,海華,2021-01-28,871000,23559650,27.60,27.65,26.50,26.50,-0.95,510
3701,大眾控,2021-01-28,45000,594200,13.35,13.35,12.90,13.10,-0.30,25
3702,大聯大,2021-01-28,5635000,243371150,44.10,44.20,42.65,43.00,-1.10,2540
3702A,大聯大甲特,2021-01-28,145000,7224200,49.85,49.85,49.80,49.80,-0.05,65
3703,欣陸,2021-01-28,2225000,42566450,19.35,19.60,18.90,19.05,-0.20,925
3704,合勤控,2021-01-28,11978000,436867150,36.30,37.45,35.50,35.50,-0.30,5919
3705,永信,2021-01-28,400000,17231150,43.05,43.20,43.00,43.05,0.05,326
3706,神達,2021-01-28,4447000,129628100,29.35,29.40,29.00,29.10,-0.20,2123
3708,上緯投控,2021-01-28,1588000,226366000,141.50,146.50,138.50,138.50,-2.50,1217
3711,日月光投控,2021-01-28,37277000,3524458600,97.60,97.60,92.00,92.00,-2.50,16706
3712,永崴投控,2021-01-28,880000,23113350,26.40,26.90,25.70,25.80,-0.55,534
3714,富采,2021-01-28,8604000,716849800,83.90,84.40,82.50,82.50,-0.60,5325
4104,佳醫,2021-01-28,116000,6359800,54.90,55.10,54.60,54.60,-0.30,100
4106,雃博,2021-01-28,276000,7142800,26.20,26.25,25.60,25.65,-0.50,204
4108,懷特,2021-01-28,710000,17840450,25.50,25.75,24.60,24.65,-0.80,431
4119,旭富,2021-01-28,627000,57163000,92.20,92.80,89.90,89.90,-2.10,499
4133,亞諾法,2021-01-28,1395000,73897200,54.00,54.00,51.80,52.00,-0.80,938
4137,麗豐-KY,2021-01-28,492000,103324000,207.50,214.00,206.50,208.00,1.50,388
4141,龍燈-KY,2021-01-28,91000,1021350,11.25,11.40,11.10,11.10,-0.15,60
4142,國光生,2021-01-28,7039000,338699500,49.15,49.35,46.85,47.05,-1.95,3910
4148,全宇生技-KY,2021-01-28,23000,781600,34.15,34.15,33.80,33.85,-0.30,20
4155,訊映,2021-01-28,235000,5936600,25.35,25.40,25.10,25.10,-0.25,142
4164,承業醫,2021-01-28,289000,10121150,35.15,35.35,34.85,34.85,-0.65,190
4190,佐登-KY,2021-01-28,133000,11034600,83.70,83.90,82.00,82.00,-1.40,117
4306,炎洲,2021-01-28,1385000,19569850,14.15,14.30,14.00,14.05,-0.10,589
4414,如興,2021-01-28,1736000,16219810,9.36,9.59,9.20,9.59,0.23,649
4426,利勤,2021-01-28,223000,5635300,25.10,25.80,25.00,25.10,-0.05,131
4438,廣越,2021-01-28,137000,14633000,108.50,109.00,105.50,105.50,-2.50,100
4439,冠星-KY,2021-01-28,15000,2120500,143.00,143.00,140.00,140.00,-3.00,14
4526,東台,2021-01-28,605000,8801200,14.65,14.75,14.35,14.50,-0.15,288
4532,瑞智,2021-01-28,872000,17268950,20.00,20.05,19.65,19.75,-0.25,444
4536,拓凱,2021-01-28,191000,27127500,144.50,144.50,140.50,140.50,-3.00,172
4540,全球傳動,2021-01-28,4271000,267859500,62.60,65.50,59.20,59.20,-2.70,3067
4545,銘鈺,2021-01-28,122000,3640950,30.05,30.45,29.65,29.65,-0.45,57
4551,智伸科,2021-01-28,924000,164609500,179.00,181.00,175.00,175.50,-1.00,680
4552,力達-KY,2021-01-28,205000,7025500,34.95,34.95,33.90,34.05,-0.90,143
4555,氣立,2021-01-28,17000,833450,49.00,49.40,48.70,48.70,-0.30,15
4557,永新-KY,2021-01-28,9000,562900,63.30,63.30,61.90,63.00,0.20,9
4560,強信-KY,2021-01-28,281000,11136000,39.60,40.70,39.30,39.40,-0.30,153
4562,穎漢,2021-01-28,444000,8876350,19.40,20.90,19.00,19.55,0.55,295
4564,元翎,2021-01-28,1722000,56718250,33.65,34.50,31.85,31.90,-1.30,1019
4566,時碩工業,2021-01-28,16084000,1160753000,77.60,78.40,64.20,64.20,-7.10,10170
4571,鈞興-KY,2021-01-28,54000,4822700,91.00,91.00,88.00,88.10,-1.40,49
4572,駐龍,2021-01-28,15000,1164400,77.20,77.90,77.20,77.50,0.70,12
4576,大銀微系統,2021-01-28,2178000,273216500,127.50,131.50,120.00,121.00,-5.00,1628
4581,光隆精密-KY,2021-01-28,12000,443450,36.95,37.00,36.85,37.00,0.15,8
4720,德淵,2021-01-28,417000,6445450,15.65,15.75,15.30,15.40,-0.05,215
4722,國精化,2021-01-28,428000,13116700,30.55,30.80,30.55,30.65,-0.05,177
4737,華廣,2021-01-28,47000,3001200,64.30,64.50,62.70,62.70,-1.70,37
4739,康普,2021-01-28,868000,52446400,60.90,61.70,59.20,59.70,-1.20,585
4746,台耀,2021-01-28,752000,35379800,47.20,47.30,46.85,46.95,0.10,585
4755,三福化,2021-01-28,104000,5993900,57.70,58.40,57.10,57.10,-0.50,83
4763,材料-KY,2021-01-28,93000,11280000,121.00,122.50,120.00,120.00,-0.50,87
4764,雙鍵,2021-01-28,12000,778200,64.60,65.00,64.50,65.00,-0.10,9
4766,南寶,2021-01-28,107000,16226000,151.50,153.00,151.00,152.00,0.00,94
4807,日成-KY,2021-01-28,5000,116450,23.25,23.45,23.25,23.45,0.00,4
4904,遠傳,2021-01-28,6589000,395616900,60.00,60.20,60.00,60.00,-0.20,3334
4906,正文,2021-01-28,3985000,111663700,27.95,28.15,27.75,28.15,0.40,1620
4912,聯德控股-KY,2021-01-28,3157000,448951000,135.50,147.00,135.50,143.00,8.00,2319
4915,致伸,2021-01-28,19620000,1103515900,58.00,58.40,54.70,55.70,-0.30,11281
4916,事欣科,2021-01-28,724000,16992850,22.70,24.10,22.70,23.30,0.65,476
4919,新唐,2021-01-28,4273000,187175150,44.55,44.90,43.00,43.10,-1.25,2595
4927,泰鼎-KY,2021-01-28,2864000,199498700,70.80,71.00,68.50,68.80,-1.40,1757
4930,燦星網,2021-01-28,997000,18240750,18.15,18.60,17.90,18.25,0.15,280
4934,太極,2021-01-28,2045000,52073550,26.40,26.50,24.70,24.80,-1.50,1239
4935,茂林-KY,2021-01-28,775000,78965500,104.00,104.00,101.00,101.00,-1.50,606
4938,和碩,2021-01-28,44437000,3583547200,82.80,83.20,78.40,78.40,-3.10,22601
4942,嘉彰,2021-01-28,253000,9241250,36.65,36.85,36.35,36.45,-0.25,152
4943,康控-KY,2021-01-28,689000,53071900,78.90,78.90,75.30,75.30,-2.40,511
4952,凌通,2021-01-28,1091000,44923050,42.00,42.30,40.20,40.35,-1.50,599
4956,光鋐,2021-01-28,1595000,30452850,19.30,19.50,18.70,18.85,-0.30,828
4958,臻鼎-KY,2021-01-28,8681000,1000332500,117.00,117.00,114.00,114.00,-2.00,4574
4960,誠美材,2021-01-28,15747000,174695700,11.00,11.25,10.95,11.10,0.25,3209
4961,天鈺,2021-01-28,33150000,4405126000,140.00,141.50,125.50,127.00,-9.00,20587
4967,十銓,2021-01-28,2753000,125927000,45.50,46.45,45.20,45.35,0.15,1565
4968,立積,2021-01-28,5993000,3434433000,585.00,589.00,558.00,563.00,-4.00,5007
4976,佳凌,2021-01-28,20693000,1824125600,88.80,91.00,84.10,84.20,-2.90,12960
4977,眾達-KY,2021-01-28,295000,30845000,106.00,106.00,103.50,103.50,-1.50,219
4989,榮科,2021-01-28,502000,11521950,23.00,23.40,22.65,22.65,-0.15,262
4994,傳奇,2021-01-28,107000,7800800,74.00,75.10,71.80,71.90,-2.20,93
4999,鑫禾,2021-01-28,390000,19918300,51.70,51.90,50.50,50.80,-0.40,257
5007,三星,2021-01-28,76000,3787050,49.90,49.90,49.70,49.70,-0.30,35
5203,訊連,2021-01-28,193000,19908000,103.00,104.00,102.50,103.00,0.50,118
5215,科嘉-KY,2021-01-28,529000,72667500,140.00,141.50,133.50,135.00,-2.00,420
5225,東科-KY,2021-01-28,37000,941000,25.30,26.00,25.20,25.60,0.20,22
5234,達興材料,2021-01-28,110000,9106300,83.40,83.70,82.10,82.40,-0.50,81
5243,乙盛-KY,2021-01-28,18905000,1268299200,69.10,70.40,63.50,63.90,-4.60,11344
5258,虹堡,2021-01-28,148000,3165050,21.40,21.70,21.20,21.30,0.00,93
5269,祥碩,2021-01-28,899000,1729210000,1950.00,1965.00,1895.00,1905.00,10.00,857
5283,禾聯碩,2021-01-28,544000,71093500,134.00,134.00,128.00,128.50,-4.50,398
5284,jpp-KY,2021-01-28,13000,451800,34.40,35.30,34.25,35.10,0.10,8
5285,界霖,2021-01-28,859000,57980800,69.10,69.90,65.60,66.10,-2.80,646
5288,豐祥-KY,2021-01-28,424000,53468000,124.00,129.50,124.00,125.00,0.00,299
5388,中磊,2021-01-28,891000,65707600,75.10,75.10,72.90,73.40,-1.60,706
5434,崇越,2021-01-28,1034000,123704500,122.00,122.00,118.50,118.50,-2.50,725
5469,瀚宇博,2021-01-28,3236000,135179550,42.30,42.40,41.30,41.30,-0.70,1479
5471,松翰,2021-01-28,9078000,615813300,69.10,69.80,66.10,66.20,-2.50,5199
5484,慧友,2021-01-28,301000,4562850,15.30,15.60,14.80,14.90,-0.40,165
5515,建國,2021-01-28,475000,5863800,12.55,12.55,12.15,12.15,-0.45,231
5519,隆大,2021-01-28,342000,4906350,14.35,14.50,14.30,14.30,-0.05,129
5521,工信,2021-01-28,1893000,17679660,9.43,9.44,9.26,9.26,-0.23,651
5522,遠雄,2021-01-28,1163000,58808400,51.40,51.40,50.00,50.00,-1.40,737
5525,順天,2021-01-28,118000,2521100,21.20,21.60,21.10,21.45,-0.10,79
5531,鄉林,2021-01-28,2885000,37840500,13.65,13.65,12.70,12.85,-0.35,1090
5533,皇鼎,2021-01-28,108000,1735850,16.10,16.15,15.90,16.10,-0.05,50
5534,長虹,2021-01-28,315000,24899100,79.20,79.30,78.90,79.00,-0.20,244
5538,東明-KY,2021-01-28,56000,1981200,35.50,35.70,34.85,35.40,-0.75,44
5546,永固-KY,2021-01-28,1007000,81979700,83.20,83.40,80.50,82.10,-1.10,361
5607,遠雄港,2021-01-28,347000,9208950,26.65,26.95,26.25,26.30,-0.30,239
5608,四維航,2021-01-28,3213000,32123860,10.30,10.35,9.81,9.81,-0.44,1143
5706,鳳凰,2021-01-28,100000,2992950,30.00,30.10,29.60,29.60,-0.45,66
5871,中租-KY,2021-01-28,5367000,834488000,158.00,159.00,154.00,155.00,-4.50,2913
5871A,中租-KY甲特,2021-01-28,207000,20574800,99.30,99.50,99.30,99.50,0.10,43
5876,上海商銀,2021-01-28,9962000,377019100,38.10,38.30,37.40,37.40,-0.85,3682
5880,合庫金,2021-01-28,24371000,470538700,19.40,19.50,19.15,19.15,-0.35,8510
5906,台南-KY,2021-01-28,11000,532750,48.50,48.95,48.00,48.15,-0.35,11
5907,大洋-KY,2021-01-28,156000,2943300,19.00,19.00,18.70,18.70,-0.30,107
6005,群益證,2021-01-28,6201000,83618900,13.60,13.65,13.35,13.40,-0.15,1378
6024,群益期,2021-01-28,260000,9697000,37.35,37.55,37.15,37.25,-0.10,199
6108,競國,2021-01-28,470000,9946300,21.60,21.65,20.90,20.95,-0.55,251
6112,聚碩,2021-01-28,416000,18037400,43.60,43.60,43.15,43.25,-0.15,300
6115,鎰勝,2021-01-28,140000,5864300,41.85,42.00,41.80,41.85,-0.20,95
6116,彩晶,2021-01-28,92691000,1127222600,12.00,12.40,11.95,12.10,0.25,13404
6117,迎廣,2021-01-28,17000,251950,15.50,15.50,14.50,14.50,-0.65,11
6120,達運,2021-01-28,2004000,24945850,12.40,12.70,12.25,12.25,-0.05,765
6128,上福,2021-01-28,88000,2363500,26.90,27.00,26.80,26.95,-0.05,69
6133,金橋,2021-01-28,154000,1333930,8.71,8.73,8.60,8.60,-0.11,63
6136,富爾特,2021-01-28,152000,2597800,17.15,17.15,17.05,17.05,-0.10,84
6139,亞翔,2021-01-28,985000,29332900,30.70,30.70,29.30,29.35,-0.60,574
6141,柏承,2021-01-28,1048000,29476300,28.75,28.80,27.65,27.70,-0.70,541
6142,友勁,2021-01-28,501000,4032600,8.13,8.16,7.98,8.16,0.03,213
6152,百一,2021-01-28,755000,7893150,10.50,10.65,10.30,10.35,-0.15,270
6153,嘉聯益,2021-01-28,9011000,299161000,34.00,34.35,32.30,32.45,-1.45,4654
6155,鈞寶,2021-01-28,470000,11585150,25.25,25.25,24.10,24.20,-0.65,307
6164,華興,2021-01-28,1153000,12079950,10.45,10.70,10.30,10.40,0.20,425
6165,捷泰,2021-01-28,365000,14191400,38.50,39.65,38.50,38.60,0.20,224
6166,凌華,2021-01-28,5774000,368289000,64.40,66.00,60.80,61.20,0.60,3728
6168,宏齊,2021-01-28,1516000,25823850,17.15,17.30,16.75,16.75,-0.15,789
6172,互億,2021-01-28,12000,360750,30.05,30.15,30.05,30.10,0.00,7
6176,瑞儀,2021-01-28,6976000,807077500,118.00,118.50,113.00,115.00,-3.00,3824
6177,達麗,2021-01-28,453000,13055400,28.85,29.00,28.70,28.70,-0.15,251
6183,關貿,2021-01-28,89000,4136700,46.50,47.00,46.20,46.35,-0.25,72
6184,大豐電,2021-01-28,208000,8811800,42.35,42.60,42.25,42.25,-0.20,116
6189,豐藝,2021-01-28,269000,9345400,34.80,34.90,34.60,34.60,-0.20,212
6191,精成科,2021-01-28,6418000,154108000,24.50,24.50,23.60,23.65,-0.75,2705
6192,巨路,2021-01-28,119000,7773500,65.40,65.90,65.00,65.10,-0.30,79
6196,帆宣,2021-01-28,1484000,171376000,117.50,118.00,112.50,113.50,-2.50,1224
6197,佳必琪,2021-01-28,1114000,41008150,36.30,37.25,36.20,36.50,0.20,780
6201,亞弘電,2021-01-28,173000,6928150,40.55,41.35,39.60,39.60,-1.05,143
6202,盛群,2021-01-28,1035000,74262300,72.00,72.30,71.20,71.20,-0.60,649
6205,詮欣,2021-01-28,533000,21627750,41.05,41.35,39.80,40.05,-0.85,320
6206,飛捷,2021-01-28,245000,14572100,59.70,59.80,59.20,59.20,-0.60,199
6209,今國光,2021-01-28,8699000,307951100,34.00,36.50,33.90,34.65,0.95,4790
6213,聯茂,2021-01-28,2012000,273418500,139.00,139.50,134.00,134.00,-4.00,1135
6214,精誠,2021-01-28,560000,47171600,85.00,85.00,83.80,83.90,-0.10,401
6215,和椿,2021-01-28,4403000,85649350,20.00,20.45,18.20,18.25,-1.55,2455
6216,居易,2021-01-28,68000,1699250,25.00,25.10,24.95,24.95,-0.05,53
6224,聚鼎,2021-01-28,1053000,106751300,103.00,104.50,98.80,99.40,-2.10,700
6225,天瀚,2021-01-28,66000,208370,3.12,3.20,3.12,3.20,0.07,8
6226,光鼎,2021-01-28,1950000,19602690,10.30,10.40,9.87,9.92,-0.18,671
6230,超眾,2021-01-28,206000,44113000,218.50,218.50,212.00,212.50,-3.00,163
6235,華孚,2021-01-28,4967000,105379600,21.80,22.15,20.55,20.80,-0.95,2317
6239,力成,2021-01-28,7759000,767271600,100.50,101.00,97.40,97.40,-2.50,4617
6243,迅杰,2021-01-28,2117000,36036800,16.35,17.50,16.35,17.40,1.05,963
6251,定穎,2021-01-28,4595000,90508400,20.20,20.40,19.20,19.20,-0.90,1776
6257,矽格,2021-01-28,10866000,536467200,50.60,50.90,48.55,48.65,-1.35,6012
6269,台郡,2021-01-28,3767000,452982500,121.50,121.50,118.50,119.00,-2.50,2190
6271,同欣電,2021-01-28,6298000,1343715500,220.00,223.00,206.00,209.50,-7.00,4522
6277,宏正,2021-01-28,157000,13177900,84.10,84.50,83.50,84.00,-0.30,118
6278,台表科,2021-01-28,4459000,563107500,128.50,128.50,123.00,124.50,-1.00,2775
6281,全國電,2021-01-28,76000,5514700,72.70,72.80,72.30,72.40,-0.30,59
6282,康舒,2021-01-28,4570000,129935050,29.00,29.05,28.10,28.20,-0.60,2210
6283,淳安,2021-01-28,2677000,104117950,39.55,40.40,37.30,37.60,-1.55,1447
6285,啟碁,2021-01-28,1888000,143317100,76.40,77.10,75.10,75.80,-0.30,1231
6288,聯嘉,2021-01-28,2314000,72982250,32.25,32.50,31.10,31.25,-0.95,1285
6289,華上,2021-01-28,9000,27790,3.03,3.14,3.03,3.04,-0.11,7
6405,悅城,2021-01-28,197000,4003450,20.90,21.00,19.85,20.05,-0.75,103
6409,旭隼,2021-01-28,192000,247890000,1320.00,1325.00,1265.00,1280.00,0.00,185
6412,群電,2021-01-28,662000,46584700,72.00,72.20,69.80,70.00,-2.00,519
6414,樺漢,2021-01-28,2985000,798556500,275.00,277.00,259.50,260.00,-8.50,2322
6415,矽力-KY,2021-01-28,572000,1518670000,2645.00,2730.00,2610.00,2615.00,40.00,542
6416,瑞祺電通,2021-01-28,278000,33713000,122.50,123.00,120.50,121.00,-0.50,192
6431,光麗-KY,2021-01-28,981000,31759700,29.95,32.70,29.80,31.70,1.95,552
6438,迅得,2021-01-28,1824000,154026300,84.20,85.80,82.60,83.10,0.10,1263
6442,光聖,2021-01-28,27000,782350,28.80,29.05,28.65,29.00,0.15,18
6443,元晶,2021-01-28,8883000,276380950,31.60,32.00,30.50,30.50,-0.95,4926
6449,鈺邦,2021-01-28,816000,42758000,54.00,54.20,51.10,51.40,-2.00,535
6451,訊芯-KY,2021-01-28,1463000,188093500,132.00,132.50,125.00,125.00,-4.50,1023
6456,GIS-KY,2021-01-28,2228000,253771500,116.00,116.50,112.00,112.50,-3.00,1370
6464,台數科,2021-01-28,35000,3768500,108.00,108.00,107.00,107.00,-1.00,26
6477,安集,2021-01-28,2769000,164057000,60.70,60.90,58.00,58.00,-1.80,1674
6491,晶碩,2021-01-28,256000,61100000,245.50,245.50,235.00,236.00,-5.50,227
6504,南六,2021-01-28,296000,52072500,177.00,178.00,174.00,174.50,-2.50,261
6505,台塑化,2021-01-28,7000000,628500200,90.20,92.00,88.50,89.10,-2.30,3457
6515,穎崴,2021-01-28,553000,236498500,449.00,449.00,417.00,417.50,-19.50,477
6525,捷敏-KY,2021-01-28,1316000,90860300,71.40,71.50,67.20,67.20,-2.90,942
6531,愛普,2021-01-28,9868000,6849163000,707.00,716.00,660.00,669.00,-12.00,8549
6533,晶心科,2021-01-28,6403000,2603037000,409.00,416.50,396.00,396.00,-2.00,5451
6541,泰福-KY,2021-01-28,277000,9779550,35.60,35.65,35.10,35.10,-0.70,174
6552,易華電,2021-01-28,4780000,321283000,67.40,70.20,62.60,63.00,-2.90,3156
6558,興能高,2021-01-28,483000,21730400,45.20,45.60,44.75,44.80,-0.40,290
6573,虹揚-KY,2021-01-28,406000,6549000,16.40,16.50,15.70,15.85,0.20,215
6579,研揚,2021-01-28,38000,2615500,69.40,69.40,68.20,68.20,-1.60,38
6581,鋼聯,2021-01-28,86000,5963400,69.50,69.80,68.50,68.60,-0.90,49
6582,申豐,2021-01-28,740000,102680000,142.50,142.50,134.00,135.50,-5.50,567
6591,動力-KY,2021-01-28,446000,26524200,61.20,61.40,58.20,58.50,-2.00,317
6592,和潤企業,2021-01-28,3723000,297757500,80.80,80.80,79.30,79.40,-0.80,794
6598,ABC-KY,2021-01-28,319000,16349500,51.70,52.20,50.50,50.50,-1.30,253
6605,帝寶,2021-01-28,335000,19856100,59.80,60.40,58.30,58.40,-1.20,271
6625,必應,2021-01-28,13000,358850,27.60,27.70,27.55,27.70,0.10,10
6641,基士德-KY,2021-01-28,14000,886100,63.70,63.70,63.00,63.00,-0.70,13
6655,科定,2021-01-28,49000,2403700,49.00,49.30,48.65,48.65,0.00,37
6666,羅麗芬-KY,2021-01-28,12000,1013000,84.50,84.50,84.00,84.00,-0.80,10
6668,中揚光,2021-01-28,805000,48074300,59.80,61.90,58.50,59.00,-0.10,596
6669,緯穎,2021-01-28,1461000,1218889000,850.00,859.00,822.00,826.00,-10.00,1248
6670,復盛應用,2021-01-28,183000,30943500,170.00,170.00,168.00,169.00,-0.50,165
6671,三能-KY,2021-01-28,70000,2796650,39.80,40.00,39.80,39.95,-0.05,34
6672,騰輝電子-KY,2021-01-28,3640000,297443500,82.80,83.90,79.50,79.70,-2.80,2405
6674,鋐寶科技,2021-01-28,16000,468200,29.50,29.95,29.05,29.05,-0.45,10
6698,旭暉應材,2021-01-28,287000,11944600,41.70,42.15,41.05,41.05,-0.05,206
6706,惠特,2021-01-28,2184000,346567500,164.50,164.50,155.00,156.00,-7.50,1646
6715,嘉基,2021-01-28,135000,15933500,119.50,120.00,116.00,117.00,-2.00,81
6743,安普新,2021-01-28,2415000,334528000,144.00,144.50,132.50,133.00,-7.00,1757
6754,匯僑設計,2021-01-28,107000,4203200,38.95,39.65,38.95,39.00,0.00,83
6756,威鋒電子,2021-01-28,801000,230272000,282.00,294.50,279.00,286.00,10.00,695
8011,台通,2021-01-28,1795000,37075100,21.00,21.25,20.30,20.30,-0.45,704
8016,矽創,2021-01-28,1338000,218695000,167.00,168.00,160.50,160.50,-5.00,895
8021,尖點,2021-01-28,1648000,44684650,27.85,27.85,26.65,26.65,-0.80,914
8028,昇陽半導體,2021-01-28,1623000,83898000,51.50,52.80,50.80,50.80,-0.10,974
8033,雷虎,2021-01-28,11413000,245785200,20.60,21.90,20.50,21.90,1.95,4189
8039,台虹,2021-01-28,967000,51065000,54.00,54.10,51.80,51.80,-2.10,610
8046,南電,2021-01-28,12482000,2942973000,241.00,243.50,226.00,226.00,-10.00,8468
8070,長華*,2021-01-28,4034000,121972650,31.00,31.05,29.75,30.00,-0.65,2161
8072,陞泰,2021-01-28,41000,1136500,27.75,28.00,27.55,27.55,-0.20,35
8081,致新,2021-01-28,1184000,205420500,175.00,177.00,170.50,170.50,-1.50,900
8101,華冠,2021-01-28,104000,324920,3.14,3.18,3.10,3.12,-0.02,41
8103,瀚荃,2021-01-28,935000,31493050,33.80,34.55,32.70,32.75,-0.80,503
8104,錸寶,2021-01-28,702000,33007050,46.60,48.30,45.50,45.60,-0.50,579
8105,凌巨,2021-01-28,6050000,71047250,11.60,11.95,11.45,11.70,0.20,1698
8110,華東,2021-01-28,7571000,98641650,13.10,13.30,12.65,12.70,-0.05,2278
8112,至上,2021-01-28,6588000,231891300,36.00,36.05,34.50,34.85,-0.95,3401
8114,振樺電,2021-01-28,111000,8641200,78.90,79.00,77.10,77.20,-1.80,78
8131,福懋科,2021-01-28,482000,17567600,36.65,36.80,36.25,36.25,-0.30,319
8150,南茂,2021-01-28,7613000,259043850,34.75,34.95,33.50,33.65,-0.85,3817
8163,達方,2021-01-28,1346000,55861800,42.05,42.30,40.80,41.00,-0.80,806
8201,無敵,2021-01-28,10000,91490,9.16,9.16,9.13,9.15,-0.01,5
8210,勤誠,2021-01-28,246000,19434000,80.60,80.60,78.10,78.30,-1.50,197
8213,志超,2021-01-28,2236000,101163850,45.95,46.00,44.80,44.90,-0.70,1152
8215,明基材,2021-01-28,10127000,306007750,31.80,31.80,29.00,29.25,-1.75,5266
8222,寶一,2021-01-28,24000,295250,12.30,12.35,12.30,12.30,0.05,16
8249,菱光,2021-01-28,295000,5575650,18.95,19.05,18.75,18.80,-0.15,157
8261,富鼎,2021-01-28,3331000,158946500,48.40,49.30,46.30,46.40,-1.65,1970
8271,宇瞻,2021-01-28,575000,22187150,38.90,38.90,38.20,38.25,-0.40,363
8341,日友,2021-01-28,113000,24479500,218.00,218.00,216.00,217.50,-0.50,110
8367,建新國際,2021-01-28,174000,4870500,28.45,28.45,27.80,27.80,-0.60,118
8374,羅昇,2021-01-28,212000,5375350,25.80,25.85,24.90,24.90,-0.65,120
8404,百和興業-KY,2021-01-28,368000,9934200,27.40,27.50,26.60,26.60,-0.95,216
8411,福貞-KY,2021-01-28,79000,1051300,13.20,13.50,13.20,13.50,0.25,56
8422,可寧衛,2021-01-28,222000,35366500,160.00,160.50,159.00,159.00,0.00,163
8427,基勝-KY,2021-01-28,13000,468650,35.55,37.30,35.50,35.50,0.30,12
8429,金麗-KY,2021-01-28,461000,3806270,8.37,8.41,8.18,8.24,-0.12,299
8442,威宏-KY,2021-01-28,13000,590050,46.00,46.05,44.95,45.40,0.45,10
8443,阿瘦,2021-01-28,27000,291600,10.95,10.95,10.70,10.85,-0.05,21
8454,富邦媒,2021-01-28,210000,167535000,790.00,817.00,788.00,788.00,-8.00,198
8462,柏文,2021-01-28,97000,13314500,134.50,138.50,134.50,136.00,2.00,91
8463,潤泰材,2021-01-28,120000,4200750,35.10,35.45,34.80,34.80,-0.35,81
8464,億豐,2021-01-28,1105000,415750500,375.50,386.00,370.00,370.00,-7.50,790
8466,美吉吉-KY,2021-01-28,15000,911600,60.40,61.30,60.40,61.10,0.30,15
8467,波力-KY,2021-01-28,0,0,0.00,0.00,0.00,0.00,0.00,0
8473,山林水,2021-01-28,137000,5216400,38.20,38.20,38.00,38.00,-0.25,116
8478,東哥遊艇,2021-01-28,140000,5888750,42.25,42.80,41.70,41.70,-0.60,80
8480,泰昇-KY,2021-01-28,8000,950000,120.00,120.00,118.50,118.50,-1.50,8
8481,政伸,2021-01-28,17000,1191800,70.20,70.30,69.60,70.00,-0.20,16
8482,商億-KY,2021-01-28,97000,7688400,81.50,81.60,77.60,78.80,-3.10,85
8488,吉源-KY,2021-01-28,18000,250500,13.90,14.05,13.85,13.90,0.00,10
8499,鼎炫-KY,2021-01-28,90000,11399500,128.00,128.50,125.00,125.50,-2.00,84
8926,台汽電,2021-01-28,1623000,58814450,36.15,36.70,36.10,36.20,0.05,771
8940,新天地,2021-01-28,36000,362150,10.05,10.15,10.00,10.05,0.00,27
8996,高力,2021-01-28,1012000,57598300,58.70,58.70,55.50,55.70,-2.50,693
9103,美德醫療-DR,2021-01-28,8028000,222468400,27.75,28.15,27.50,27.50,-0.20,3334
910322,康師傅-DR,2021-01-28,200000,5574400,27.90,28.40,27.50,27.65,-0.35,67
9105,泰金寶-DR,2021-01-28,8399000,29629300,3.57,3.58,3.50,3.57,0.01,1223
910861,神州-DR,2021-01-28,666000,7189000,10.80,11.20,10.50,10.55,-0.20,94
9110,越南控-DR,2021-01-28,186000,418600,2.26,2.28,2.23,2.26,0.00,57
911608,明輝-DR,2021-01-28,173000,627720,3.70,3.70,3.57,3.65,0.02,75
911616,杜康-DR,2021-01-28,898000,1618420,1.83,1.85,1.77,1.77,-0.05,230
911622,泰聚亨-DR,2021-01-28,273000,1077230,3.99,3.99,3.93,3.94,0.00,48
911868,同方友友-DR,2021-01-28,303000,385590,1.28,1.29,1.26,1.27,0.00,119
912000,晨訊科-DR,2021-01-28,1577000,4047800,2.56,2.60,2.55,2.56,0.00,283
912398,友佳-DR,2021-01-28,172000,690870,4.07,4.07,4.00,4.00,0.00,83
9136,巨騰-DR,2021-01-28,189000,1819700,9.69,9.72,9.56,9.56,-0.13,86
9188,精熙-DR,2021-01-28,187000,521180,2.85,2.85,2.75,2.75,-0.06,79
9802,鈺齊-KY,2021-01-28,771000,85243000,111.50,112.00,109.00,109.50,-0.50,548
9902,台火,2021-01-28,422000,4414750,10.65,10.75,10.35,10.45,-0.05,121
9904,寶成,2021-01-28,10401000,294171300,28.55,28.75,28.00,28.00,-0.85,3961
9905,大華,2021-01-28,281000,6192000,22.00,22.20,21.95,21.95,-0.10,181
9906,欣巴巴,2021-01-28,52000,1963350,37.90,38.00,37.40,37.40,-0.60,40
9907,統一實,2021-01-28,1198000,12212700,10.20,10.25,10.10,10.20,-0.05,373
9908,大台北,2021-01-28,147000,4788950,32.50,32.70,32.50,32.50,-0.25,117
9910,豐泰,2021-01-28,1632000,295520000,180.00,184.00,179.50,180.00,0.00,1104
9911,櫻花,2021-01-28,305000,15254350,50.00,50.60,49.85,49.90,-0.10,256
9912,偉聯,2021-01-28,93000,707190,7.59,7.76,7.50,7.58,0.02,53
9914,美利達,2021-01-28,1227000,328728500,273.00,275.00,263.50,265.50,-5.50,949
9917,中保科,2021-01-28,400000,34505600,86.20,86.70,86.10,86.40,-0.10,298
9918,欣天然,2021-01-28,63000,2276150,36.15,36.65,35.90,36.65,0.45,51
9919,康那香,2021-01-28,4414000,137254550,31.20,31.75,30.50,30.60,-0.70,2471
9921,巨大,2021-01-28,1606000,445605500,282.50,284.00,272.50,272.50,-10.50,1208
9924,福興,2021-01-28,234000,10197050,43.60,44.35,43.50,43.55,-0.25,145
9925,新保,2021-01-28,307000,11272900,36.80,36.85,36.65,36.65,-0.15,216
9926,新海,2021-01-28,14000,663350,47.10,47.75,47.10,47.75,0.05,14
9927,泰銘,2021-01-28,249000,7325050,29.55,29.55,29.30,29.40,-0.15,124
9928,中視,2021-01-28,3000,14770,4.94,4.94,4.89,4.89,-0.08,2
9929,秋雨,2021-01-28,21000,291000,13.90,14.00,13.80,13.80,-0.15,12
9930,中聯資源,2021-01-28,93000,4160850,44.80,45.00,44.60,44.60,-0.20,82
9931,欣高,2021-01-28,44000,1841600,42.50,42.50,41.20,41.75,-0.50,36
9933,中鼎,2021-01-28,1265000,44483450,35.30,35.40,35.00,35.00,-0.30,802
9934,成霖,2021-01-28,328000,4860000,14.90,14.90,14.75,14.85,-0.05,102
9935,慶豐富,2021-01-28,270000,6969950,25.95,26.25,25.50,26.00,0.00,190
9937,全國,2021-01-28,106000,5454200,51.20,51.70,51.20,51.50,0.00,72
9938,百和,2021-01-28,6775000,537324500,81.50,83.50,76.70,77.60,-3.40,4253
9939,宏全,2021-01-28,1163000,66475400,58.40,58.40,56.80,56.80,-0.60,509
9940,信義,2021-01-28,406000,11122150,27.60,27.60,27.30,27.35,-0.35,270
9941,裕融,2021-01-28,433000,43371000,100.50,100.50,100.00,100.00,-0.50,338
9941A,裕融甲特,2021-01-28,8000,404500,50.50,50.60,50.50,50.60,0.30,7
9942,茂順,2021-01-28,86000,5860500,68.50,68.80,68.00,68.00,-0.20,46
9943,好樂迪,2021-01-28,110000,6733700,61.10,61.30,61.00,61.00,-0.20,67
9944,新麗,2021-01-28,462000,9636450,21.45,21.45,20.40,20.80,-0.70,287
9945,潤泰新,2021-01-28,5580000,217584650,39.25,39.40,38.75,38.75,-0.50,2913
9946,三發地產,2021-01-28,213000,2972700,14.00,14.05,13.90,13.95,-0.05,118
9955,佳龍,2021-01-28,175000,3142650,18.25,18.25,17.80,17.90,-0.25,110
9958,世紀鋼,2021-01-28,2171000,222253500,105.00,105.00,100.50,100.50,-3.50,1520